,Company,Net Income Incl Extra Before Distributions,Percentage of Green Products,Date,ESG Period Last Update Date,ESG Score,ESG Controversies Score,Environmental Controversies Count,Human Rights Controversies,Business Ethics Controversies,Wages Working Condition Controversies Count,Controversies Customer Health & Safety,Waste Recycling Ratio,Waste Total,Total Renewable Energy To Energy Use in million,Total Renewable Energy,Environmental Expenditures,"CO2 Equivalent Emissions Indirect, Scope 3 To Revenues USD in million Score",Estimated CO2 Equivalents Emission Total,Water Use To Revenues USD in million,Environmental Pillar Score,Emissions Score,Environmental Innovation Score,Resource Use Score,Total CO2 Equivalent Emissions To Revenues USD in million,Energy Use Total,Board Meeting Attendance Average,"Board Gender Diversity, Percent",CSR Strategy Score,Management Score,Shareholders Score,ESG Reporting Scope,Board Size,Total Donations To Revenues in million,Product Responsibility Score,Workforce Score,Human Rights Score,Community Score,Women Managers,Gender Pay Gap Percentage,Women Employees,Employees With Disabilities,Policy Diversity and Opportunity Score,Training Hours Total,Average Training Hours
0,FCX.N,-1308000000.0,,2013-12-31,2022-08-17T00:00:00Z,78.7912230560818,90.9090909090909,,,,,,26.86,309000.0,,,595000000.0,56.3829787234043,10181382.0,32981.2150470819,82.9428593349327,97.5225225225225,0.0,85.6807511737089,486.658477128244,98000000.0,75.0,13.3333333333333,84.7472924187726,59.007164790174,87.6663254861822,100.0,15.0,8269.20319296401,83.7423312883436,85.3356890459364,71.1864406779661,96.2093862815885,12.0,,10.0,,67.8819444444444,,
1,FCX.N,-12236000000.0,,2014-12-31,2023-05-12T00:00:00Z,80.9669762503083,95.9016393442623,,,,,,23.18,371000.0,,,405000000.0,55.952380952381,9581398.0,66246.6876656167,76.0454193218634,92.3963133640553,0.0,75.7211538461538,479.045947702615,90000000.0,75.0,13.3333333333333,85.9232175502742,87.5639713408393,84.3909928352098,100.0,15.0,9899.50502474876,86.3354037267081,84.0659340659341,71.1206896551724,97.5925925925926,11.0,,10.0,,65.7142857142857,,
2,FCX.N,-4154000000.0,,2015-12-31,2023-05-05T00:00:00Z,80.808698455467,21.6666666666667,1.0,,,1.0,,25.0,522272000.0,,,421000000.0,61.25,10136094.0,98240.5695899226,75.1498630761327,89.9103139013453,0.0,76.1574074074074,693.920312179092,102000000.0,75.0,20.0,84.8534201954397,97.8247549019608,84.2830882352941,100.0,10.0,9447.52515917026,82.1621621621622,82.5539568345324,63.7404580152672,98.3812949640288,11.0,,11.0,,63.859649122807,,
3,FCX.N,1817000000.0,,2016-12-31,2024-01-19T00:00:00Z,87.0975914827992,33.6206896551724,,,,4.0,,0.019,495876400.0,120879.120879121,12100000.0,400000000.0,62.2448979591837,8994325.0,114787.525286581,82.0357962483585,94.8132780082988,0.0,86.304347826087,606.495279838166,100100000.0,85.0,25.0,84.947049924357,99.6800341296928,81.292662116041,100.0,8.0,8698.58395144976,83.9805825242718,85.1666666666667,87.8289473684211,90.8333333333333,11.0,,10.0,,61.6883116883117,,
4,FCX.N,2602000000.0,,2017-12-31,2024-01-19T00:00:00Z,83.8287763913946,80.4347826086956,,,,1.0,,0.02,452744600.0,109464.082098062,9600000.0,500000000.0,64.5454545454545,7956063.0,95119.368408218,78.4522156658568,94.2164179104478,0.0,79.1666666666667,485.037066390294,87700000.0,77.0,25.0,83.8356164383562,99.7767857142857,79.0350274725275,100.0,8.0,9327.56203133573,80.7053941908714,73.1454005934718,82.5268817204301,97.4777448071217,11.0,,12.0,,60.2373887240356,,
5,FCX.N,-239000000.0,,2018-12-31,2024-09-12T00:00:00Z,84.025280020377,100.0,,,,,,0.018,371877700.0,135381.838321265,13200000.0,400000000.0,77.2727272727273,8162360.0,90648.0030062272,78.199965206168,95.2961672473868,0.0,77.5985663082437,438.177098990767,97502000.0,100.0,33.3333333333333,83.4109429569267,99.9833333333333,75.6166666666667,100.0,6.0,8320.80738672966,79.5880149812734,85.6940509915014,76.5625,97.0254957507082,12.0,,13.0,,59.0651558073654,,
6,FCX.N,599000000.0,,2019-12-31,2024-09-12T00:00:00Z,83.0232751370289,100.0,,,,,,0.019,445838900.0,151619.572708477,14300000.0,400000000.0,76.5822784810127,7789530.0,118808.290515206,81.1573287970372,96.2686567164179,0.0,83.033033033033,540.864324399389,94315000.0,90.0,33.3333333333333,83.8879159369527,98.2319209939471,73.8611022618668,100.0,6.0,6943.48007221219,78.59375,77.7093596059113,72.0930232558139,97.4137931034483,12.0,,13.0,,58.0049261083744,,
7,FCX.N,4306000000.0,,2020-12-31,2024-09-12T00:00:00Z,81.8796132283332,65.4545454545455,,,,,,0.019,349829300.0,119920.2309592,10343000.0,300000000.0,73.2456140350877,7090430.0,105110.01549514,80.6661168289075,96.025641025641,0.0,82.2077922077922,499.396323425835,86249000.0,100.0,33.3333333333333,95.2874331550802,99.077992744861,72.8688029020556,100.0,6.0,7606.70516974222,79.6495956873315,67.7455357142857,70.6375838926175,96.7633928571429,13.0,,13.0,,57.2544642857143,,
8,FCX.N,3468000000.0,,2021-12-31,2024-09-11T00:00:00Z,81.1448969664056,100.0,,,,,,0.019,365861500.0,149760.996360128,13660000.0,300000000.0,66.3194444444444,7189710.0,70999.7373604728,83.0971993729051,97.0459518599562,0.0,86.4653243847875,314.717181002408,91212000.0,100.0,36.3636363636364,95.0448075909331,91.7220456515458,64.0421843397862,100.0,11.0,7178.81374480193,78.2142857142857,70.6175298804781,68.854748603352,97.5099601593625,12.3,,13.0,,56.5737051792829,,
9,FCX.N,1848000000.0,,,,,,,,,,,,,,,,,,,,,,,,,,,,,,,,,,,,,,,,,,,
10,MAS.N,856000000.0,,2013-12-31,2022-08-17T00:00:00Z,66.4368533636134,75.0,,,,,1.0,,,,,,,378039.0,,70.3908591408591,60.7142857142857,64.7727272727273,88.75,,,75.0,20.0,33.1227436823105,60.1330603889458,75.1791197543501,,10.0,,80.0,52.1276595744681,82.6923076923077,47.8723404255319,,,,,67.3469387755102,,
11,MAS.N,355000000.0,,2014-12-31,2022-08-10T00:00:00Z,31.9571496641238,100.0,,,,,,,,,,,,384316.0,,11.3148479427549,15.1162790697674,0.0,25.0,,,75.0,18.1818181818182,31.3528336380256,62.8966223132037,84.4933469805527,,11.0,,67.8571428571429,9.375,0.0,59.375,,,,,0.0,,
12,MAS.N,493000000.0,,2015-12-31,2022-08-11T00:00:00Z,44.1666375796967,100.0,,,,,,,61492.6,0.0,0.0,,82.1428571428571,28068.06,127.835340240829,43.0464433602085,45.1923076923077,38.5964912280702,47.7777777777778,3.93000560067208,2680000.0,75.0,18.1818181818182,69.8697068403909,47.8860294117647,77.2365196078431,100.0,11.0,,67.5438596491228,14.6153846153846,0.0,90.7692307692308,,,,,0.0,,
13,MAS.N,532000000.0,,2016-12-31,2024-01-19T00:00:00Z,59.8214005516857,100.0,,,,,,,14942.8,,,,,31873.13,145.088982475207,46.0820134656167,42.3076923076923,40.7894736842105,58.0357142857143,4.32999592446678,2960000.0,75.0,20.0,69.6671709531014,77.2397610921502,87.2226962457338,100.0,10.0,,72.5,39.8876404494382,44.7368421052632,91.5730337078652,,,,,57.9787234042553,,
14,MAS.N,733000000.0,,2017-12-31,2024-01-19T00:00:00Z,63.9695597213192,100.0,,,,,,,14443.38,,,,,30262.32,174.093781177253,66.8337709649185,48.6666666666667,83.1168831168831,59.8360655737705,5.03197871632857,3020000.0,75.0,27.2727272727273,69.7260273972603,82.8811813186813,33.0872252747253,100.0,11.0,,75.2941176470588,38.8888888888889,35.5555555555556,92.9292929292929,,,,,57.5757575757576,,
15,MAS.N,933000000.0,,2018-12-31,2023-03-29T00:00:00Z,56.2062378087717,100.0,,,,,,,93165.0,,,,,317000.0,165.614667868951,63.5456788600333,38.953488372093,82.183908045977,59.3333333333333,47.6405169822663,3240000.0,75.0,18.1818181818182,68.9173457508731,75.65,29.2833333333333,100.0,11.0,,72.5,32.2727272727273,20.0,67.7272727272727,,,,,56.8181818181818,,
16,MAS.N,1221000000.0,,2019-12-31,2024-09-12T00:00:00Z,65.9161757373023,100.0,,,,,,,79292.0,,,,,252000.0,175.935589682421,61.7787212776356,34.8039215686275,79.8969072164949,60.752688172043,37.572685254212,2800000.0,75.0,18.1818181818182,69.9211908931699,71.6948072634597,31.9687798661994,100.0,11.0,149.097957357984,70.4545454545455,64.344262295082,70.0,79.9180327868852,30.0,,36.0,,55.7377049180328,,
17,MAS.N,410000000.0,,2020-12-31,2024-09-12T00:00:00Z,70.1500138097762,100.0,,,,,,,35000.0,,,,,180000.0,158.597662771285,66.6455029786656,42.3664122137405,81.1926605504587,68.4426229508197,25.0417362270451,1620000.0,75.0,18.1818181818182,70.120320855615,79.2472793228537,31.363361547763,64.0,11.0,751.252086811352,72.0930232558139,75.0,71.2121212121212,79.9295774647887,32.0,,,,55.9859154929578,,
18,MAS.N,844000000.0,,2021-12-31,2024-09-11T00:00:00Z,73.0365017153861,100.0,,,,,,,27000.0,,,,,132000.0,131.34328358209,64.3673028816087,55.9027777777778,77.2357723577236,54.8951048951049,15.7611940298507,1450000.0,75.0,22.2222222222222,70.1107011070111,84.9898873158047,25.2383704131754,50.0,9.0,680.597014925373,68.2432432432432,74.0384615384615,95.4166666666667,78.525641025641,29.0,,36.0,,53.8461538461538,,
19,MAS.N,908000000.0,,,,,,,,,,,,,,,,,,,,,,,,,,,,,,,,,,,,,,,,,,,
20,BEN.N,2035300000.0,,2014-09-30,2024-02-16T00:00:00Z,38.0882382871357,100.0,,,,,,,,,,,,37655.0,,42.5874916357088,53.8961038961039,0.0,57.5949367088608,4.43448665708835,,97.0,12.5,9.04936014625229,28.1985670419652,62.8966223132037,,8.0,,46.9135802469136,43.984962406015,0.0,64.7727272727273,,,,,69.8473282442748,,
21,BEN.N,1726700000.0,,2015-09-30,2024-02-16T00:00:00Z,48.1429396702792,100.0,,,,,,,,,,,,36856.6,,69.8907868493856,60.7954545454545,54.4642857142857,44.3181818181818,,,99.0,20.0,0.0,45.0061274509804,61.6115196078431,,10.0,,48.1651376146789,44.620253164557,0.0,73.1012658227848,,,,,68.2389937106918,,
22,BEN.N,1696700000.0,,2016-09-30,2024-02-16T00:00:00Z,48.909711170946,100.0,,,,,,,,,,,,36192.0,,63.4015553447408,64.622641509434,16.6666666666667,47.5,5.4687216681777,,96.0,20.0,0.0,61.7107508532423,61.7107508532423,,10.0,,48.5714285714286,30.4469273743017,0.0,73.1843575418994,,,,,65.9217877094972,,
23,BEN.N,764400000.0,,2017-09-30,2024-02-16T00:00:00Z,58.1995404787896,100.0,,,,,,,,,,,,34701.0,,62.2704717477304,77.9069767441861,17.2222222222222,38.9380530973451,5.42864741403586,,98.0,20.0,36.5068493150685,68.3894230769231,62.0707417582418,,10.0,,45.4268292682927,67.5115207373272,0.0,75.5760368663594,,,42.7,,66.3594470046083,,
24,BEN.N,1195700000.0,,2018-09-30,2024-02-16T00:00:00Z,58.5090868635605,100.0,,,,,,,,,,,,33924.0,,65.3511303511304,78.2467532467532,25.9615384615385,45.0,5.4676444516077,,97.0,20.0,34.8079161816065,63.05,56.45,,10.0,,46.1928934010152,79.8755186721992,0.0,76.3485477178423,27.3,,42.6,,63.9004149377593,,
25,BEN.N,798900000.0,,2019-09-30,2024-02-16T00:00:00Z,54.769327602732,100.0,,,,,,,,,,,,38725.0,,63.3235334448967,71.3903743315508,26.0416666666667,55.4644808743169,6.83052880375348,,100.0,20.0,31.6549912434326,46.7505575023893,80.5511309334183,,10.0,,45.5102040816327,72.2996515679443,0.0,77.3519163763066,23.52,72.0,41.4,,62.1951219512195,,
26,BEN.N,1831200000.0,,2020-09-30,2024-05-10T00:00:00Z,55.895563630149,100.0,,,,,,,,,,,52.5641025641026,29793.0,,65.1793000505791,80.0448430493274,24.3975903614458,60.3982300884956,5.35219617353813,,97.0,30.0,31.1831550802139,51.9800483675937,74.0175332527207,,10.0,,44.1391941391941,75.3869969040248,0.0,74.6130030959752,23.0,70.7,41.0,,61.9195046439629,,
27,BEN.N,1291900000.0,,2021-09-30,2024-09-11T00:00:00Z,53.7236403125121,66.1290322580645,,,,,,,,,,,20.9219858156028,32460.0,,69.9348477799363,88.5036496350365,28.1094527363184,76.5503875968992,3.85259035072102,365799.6,75.0,27.2727272727273,91.9609910384818,26.4807859000289,71.5833574111528,100.0,11.0,,43.4504792332268,66.3434903047091,0.0,89.612188365651,40.8,,42.5,,59.2797783933518,,
28,BEN.N,882800000.0,,,,,,,,,,,,,,,,,,,,,,,,,,,,,,,,,,,,,,,,,,,
29,META.OQ,2940000000.0,,2013-12-31,2023-10-13T00:00:00Z,32.853279520576,25.0,,,,,,,,,,,46.078431372549,373000.0,,27.5084692062099,44.1489361702128,0.0,53.0927835051546,47.3831300813008,2959200.0,75.0,25.0,59.2057761732852,9.3654042988741,2.40532241555783,100.0,8.0,,87.7049180327869,40.8496732026144,7.54716981132075,58.6666666666667,,,,,0.0,,
30,META.OQ,3688000000.0,,2014-12-31,2023-10-13T00:00:00Z,32.3819653284139,14.0625,,,,,,,,,,,61.7647058823529,445000.0,53.1044440879191,30.8598224513173,45.3125,0.0,62.3711340206186,35.6970961013958,3726000.0,75.0,22.2222222222222,39.0310786106033,13.7666325486182,1.17707267144319,100.0,9.0,,87.8676470588235,52.4242424242424,7.6271186440678,47.239263803681,23.0,,31.0,,0.0,,
31,META.OQ,10217000000.0,,2015-12-31,2023-10-13T00:00:00Z,35.6751351042783,16.6666666666667,,,,,,,,,,,56.7307692307692,450000.0,44.2324854975457,34.9952107279693,55.6034482758621,0.0,67.9166666666667,25.1004016064257,4701600.0,75.0,25.0,40.4723127035831,26.9301470588235,1.07230392156863,100.0,8.0,,32.9383886255924,79.7131147540984,4.66666666666667,67.2131147540984,23.0,,32.0,,62.6984126984127,,
32,META.OQ,15934000000.0,,2016-12-31,2024-01-19T00:00:00Z,35.1594550750566,7.14285714285714,,,5.0,,,,,,,,77.1186440677966,621500.0,40.8495549605615,36.2184098874746,58.8461538461538,0.0,69.4244604316547,22.4871553658007,6588000.0,75.0,25.0,39.7881996974281,23.7414675767918,0.831911262798635,100.0,8.0,,34.7985347985348,71.4983713355049,15.8415841584158,67.4267100977199,27.0,99.16,33.0,,61.7924528301887,,
33,META.OQ,22112000000.0,,2017-12-31,2024-01-19T00:00:00Z,53.4712963964516,3.84615384615385,,,9.0,,,,,509999.774347865,4520230.0,,41.044776119403,798000.0,39.5788748677834,37.9357960525703,63.9072847682119,0.0,71.2025316455696,19.6295476348609,8863200.0,75.0,25.0,57.6027397260274,69.5913461538462,0.223214285714286,100.0,8.0,,35.8006042296073,90.3100775193798,33.4558823529412,69.8966408268734,28.0,98.2,35.0,,63.1782945736434,,
34,META.OQ,18485000000.0,,2018-12-31,2024-09-12T00:00:00Z,43.0247383937952,0.847457627118644,,2.0,20.0,3.0,,,,750000.0,9252900.0,,52.6666666666667,1283000.0,42.3904867652853,40.7166516109605,69.4444444444444,0.0,75.8536585365854,22.9771839965615,12337200.0,75.0,22.2222222222222,56.2863795110594,33.1166666666667,0.216666666666667,100.0,9.0,,35.9493670886076,87.89592760181,41.1602209944751,71.0407239819005,30.0,95.0,36.3,,60.2941176470588,,
35,META.OQ,29146000000.0,,2019-12-31,2024-09-12T00:00:00Z,48.8150071575098,4.08163265306122,,,23.0,,,,,860000.0,15913440.0,,32.9166666666667,1929000.0,48.5169101942091,48.7069918533258,85.6382978723404,0.0,89.0287769784173,27.2854576573263,18504000.0,75.0,28.5714285714286,58.4938704028021,48.3434214718063,0.175215036635871,100.0,7.0,,35.181236673774,90.9177820267687,40.1287553648069,69.6940726577438,32.6,94.9,36.9,,60.3250478011472,,
36,META.OQ,39370000000.0,,2020-12-31,2024-09-12T00:00:00Z,61.582021832246,2.5,,,6.0,,,,,953351.800554017,25812000.0,,26.5714285714286,2747000.0,43.3432210783458,49.662015615963,85.6971153846154,0.0,91.8546365914787,31.9548653521782,27075000.0,75.0,44.4444444444444,76.0026737967914,85.23276904474,0.377871825876663,100.0,9.0,,34.5092024539877,91.5689149560117,42.7170868347339,69.8680351906158,34.2,100.0,37.0,,57.6246334310851,,
37,META.OQ,23200000000.0,,2021-12-31,2024-09-11T00:00:00Z,64.4197357418827,1.64835164835165,,,7.0,,,,,972274.007205344,33915020.4,,25.9656652360515,3135370.0,42.7593212865368,49.4766294119906,83.9090909090909,0.0,92.490494296578,26.5869039846009,34882163.0,75.0,44.4444444444444,95.0448075909331,83.7474718289512,0.361167292689974,100.0,9.0,,34.2704149933066,94.8634590377113,89.4793926247288,63.7841352405722,35.5,100.0,36.7,,56.371911573472,,
38,META.OQ,39098000000.0,,,,,,,,,,,,,,,,,,,,,,,,,,,,,,,,,,,,,,,,,,,
39,PAYC.N,5663000.0,,2015-12-31,2022-08-17T00:00:00Z,30.4294972369623,100.0,,,,,,,,,,,,3679.2,,0.0,0.0,0.0,0.0,,,75.0,0.0,0.0,20.3125,38.9399509803922,,7.0,,80.0947867298578,72.3360655737705,0.0,42.0081967213115,,,,,62.6984126984127,,
40,PAYC.N,20945000.0,,2016-12-31,2024-07-26T00:00:00Z,25.1572905842308,100.0,,,,,,,,,,,,6088.99,,0.0,0.0,0.0,0.0,,,75.0,0.0,0.0,7.57252559726962,31.4633105802048,,7.0,,80.9523809523809,73.1270358306189,0.0,36.8078175895765,,,,,61.7924528301887,,
41,PAYC.N,70421000.0,,2017-12-31,2024-01-19T00:00:00Z,27.3189094512095,100.0,,,,,,,,,,,,7907.66,,0.0,0.0,0.0,0.0,,,75.0,0.0,0.0,15.0927197802198,23.334478021978,,6.0,,81.4199395770393,71.7054263565892,0.0,40.9560723514212,,,,,63.1782945736434,,
42,PAYC.N,123486000.0,,2018-12-31,2024-07-26T00:00:00Z,29.8476049432596,100.0,,,,,,,,,,,,6002.13,,0.0,0.0,0.0,0.0,,,75.0,14.2857142857143,0.0,11.0166666666667,18.05,,7.0,,82.2784810126582,65.0452488687783,0.0,71.0407239819005,,,,,60.2941176470588,,
43,PAYC.N,137065000.0,,2019-12-31,2024-07-12T00:00:00Z,28.1667815042505,100.0,,,,,,,,,6303.6,,,6188.35,,0.0,0.0,0.0,0.0,,,75.0,14.2857142857143,0.0,8.58553679515769,13.7464160560688,,7.0,,82.3027718550107,60.3250478011472,0.0,69.6940726577438,,,,,60.3250478011472,,
44,PAYC.N,180576000.0,,2020-12-31,2024-07-12T00:00:00Z,32.7118114249534,100.0,,,,,,,,,7189.2,,,3504.85,,0.0,0.0,0.0,0.0,,,75.0,14.2857142857143,0.0,22.7478839177751,11.1698911729141,,7.0,,81.1349693251534,67.8152492668622,0.0,69.8680351906158,47.0,,51.0,,57.6246334310851,,
45,PAYC.N,143453000.0,,2021-12-31,2024-09-11T00:00:00Z,42.8690023805538,100.0,,,,,,,,,45417.6,,,4236.0,,10.4291585052041,38.0909090909091,0.0,5.893536121673,4.01318781264211,,93.0,14.2857142857143,18.2393252503954,36.1889627275354,10.5605316382548,34.0,7.0,,80.2543507362784,69.7659297789337,16.1605206073753,85.8257477243173,48.5,,51.3,,56.371911573472,,
46,PAYC.N,195960000.0,,2022-12-31,2024-10-25T00:00:00Z,64.03353231447,100.0,,,,,,,,1000000.0,105901.2,,,10663.0,,52.0514929383501,58.9723926380368,52.3076923076923,46.7715231788079,7.75366850394846,105901.2,100.0,25.0,18.9290746829497,82.1808510638298,10.3443449048152,45.0,8.0,1519.75683890578,80.1745635910224,65.3098420413123,15.3703703703704,95.9295261239368,51.3,,51.2,7.4,56.0753341433779,,
47,PAYC.N,281389000.0,,2023-12-31,2024-10-31T00:00:00Z,46.369582595956,15.7738095238095,,,,,,,,1000000.0,109839.6,,,10180.0,,51.1115540593748,66.3403614457831,52.4886877828054,39.0224358974359,6.01061599957489,109839.6,90.0,28.5714285714286,19.0134321445113,26.9619157530294,4.34218118869013,45.0,7.0,1357.99772092556,77.7010050251256,63.5185185185185,23.0496453900709,95.7407407407407,53.0,,48.8,8.8,54.8765432098765,,
48,PAYC.N,340788000.0,,,,,,,,,,,,,,,,,,,,,,,,,,,,,,,,,,,,,,,,,,,
49,EXPE.OQ,398097000.0,,2013-12-31,2023-10-11T00:00:00Z,12.5885078229816,19.5652173913043,,,,,,,,,,,,243030.0,,2.88600288600288,6.49350649350649,0.0,0.0,,,75.0,10.0,0.0,13.971340839304,12.0266120777892,,10.0,,12.7777777777778,19.7115384615385,0.0,44.7115384615385,,,,,65.5339805825243,,
50,EXPE.OQ,764465000.0,,2014-12-31,2023-10-11T00:00:00Z,14.4479225507808,88.6363636363637,,,,,,,,,,,,304050.0,,4.0650406504065,9.14634146341463,0.0,0.0,,,75.0,10.0,0.0,15.3019447287615,11.6171954964176,,10.0,,14.6464646464646,20.9821428571429,0.0,53.5714285714286,,,,,63.963963963964,,
51,EXPE.OQ,281848000.0,,2015-12-31,2023-10-11T00:00:00Z,14.6795764121613,81.5789473684211,,,,,,,,,,,,682934.0,,4.0,9.0,0.0,0.0,,,75.0,15.3846153846154,0.0,9.95710784313725,31.280637254902,,13.0,,18.8976377952756,21.0,0.0,47.3333333333333,,,,,63.8513513513513,,
52,EXPE.OQ,377964000.0,,2016-12-31,2024-01-19T00:00:00Z,15.5473725077595,100.0,,,,,,,,,,,,470758.0,,3.60873694207028,8.11965811965812,0.0,0.0,,,,15.3846153846154,0.0,15.3370307167235,15.7209897610921,,13.0,,21.25,22.4431818181818,0.0,50.2840909090909,,,,,62.2857142857143,,
53,EXPE.OQ,406000000.0,,2017-12-31,2024-01-19T00:00:00Z,24.7934327808973,100.0,,,,,,,,,,,,663252.0,,17.4603174603175,39.2857142857143,0.0,0.0,,,75.0,26.6666666666667,0.0,19.3509615384615,9.35782967032967,,15.0,,21.3855421686747,39.8351648351648,0.0,87.0879120879121,,,,,60.4395604395604,,
54,EXPE.OQ,565000000.0,,2018-12-31,2024-06-21T00:00:00Z,31.6574578837544,63.1578947368421,,,,,,,,,,,,655640.0,,17.8072111846946,40.0662251655629,0.0,0.0,,,,26.6666666666667,0.0,23.95,48.95,,15.0,,20.1086956521739,47.2772277227723,41.1504424778761,85.8910891089109,34.2,,50.9,,60.3960396039604,,
55,EXPE.OQ,-2612000000.0,,2019-12-31,2024-06-21T00:00:00Z,25.9708631505642,53.75,,,1.0,,,,,,,,78.7037037037037,44253.0,,26.8366727383121,60.3825136612022,0.0,0.0,3.66727438468551,,75.0,25.0,0.0,11.707550175215,11.1659764256133,,12.0,,18.0094786729858,47.3799126637555,33.2142857142857,60.6986899563319,35.0,85.1,51.7,,58.7336244541485,,
56,EXPE.OQ,12000000.0,,2020-12-31,2024-06-21T00:00:00Z,42.8354495526564,98.8095238095238,,,,,,,,,,,72.2222222222222,24833.0,,57.8665315398317,90.0462962962963,0.0,37.0646766169154,4.77649547989998,43770.0,75.0,26.6666666666667,77.2393048128342,1.55683192261185,39.4347037484885,100.0,15.0,,16.875,65.3100775193798,60.2484472049689,85.6589147286822,36.3,88.3,51.3,,56.0077519379845,8600.0,0.75
57,EXPE.OQ,352000000.0,,2021-12-31,2024-09-11T00:00:00Z,38.5418224674503,72.0588235294118,,,,,,,,,,,85.8108108108108,23140.8,,59.6285416821596,88.8655462184874,0.0,41.8141592920354,2.69142126075832,,75.0,45.4545454545455,36.8476541908276,1.77694308003467,36.7668303958393,100.0,11.0,1221.21423586881,16.7315175097276,62.3214285714286,34.8648648648649,77.6785714285714,37.6,88.6,47.2,,55.3571428571429,,
58,EXPE.OQ,797000000.0,,,,,,,,,,,,,,,,,,,,,,,,,,,,,,,,,,,,,,,,,,,
59,AMTM.N,895000.0,,,,,,,,,,,,,,,,,,,,,,,,,,,,,,,,,,,,,,,,,,,
60,AMTM.N,-84423000.0,,,,,,,,,,,,,,,,,,,,,,,,,,,,,,,,,,,,,,,,,,,
61,AMTM.N,-313700000.0,,,,,,,,,,,,,,,,,,,,,,,,,,,,,,,,,,,,,,,,,,,
62,RJF.N,502140000.0,,2015-09-30,2022-11-10T00:00:00Z,49.2458279239666,55.5555555555556,,,1.0,,,,,,,,,32642.5,,17.8697806086341,0.0,0.0,0.0,,,75.0,18.1818181818182,0.0,72.4571078431373,24.1727941176471,,11.0,1561.96813060034,48.1651376146789,56.6455696202532,0.0,86.3924050632912,,,,,68.2389937106918,,
63,RJF.N,529350000.0,,2016-09-30,2024-01-19T00:00:00Z,48.7987254963409,38.4615384615385,,,1.0,,,,,,,,,33077.1,,17.5356921166977,0.0,0.0,0.0,,,75.0,18.1818181818182,0.0,72.5042662116041,23.570819112628,,11.0,905.61335381227,48.5714285714286,51.1173184357542,0.0,87.9888268156425,,,,,65.9217877094972,,
64,RJF.N,636235000.0,,2017-09-30,2024-01-19T00:00:00Z,50.6421256579607,100.0,,,,,,,,,,,,36023.1,,16.1498708010336,0.0,0.0,0.0,,,75.0,18.1818181818182,0.0,73.8839285714286,29.3784340659341,,11.0,2145.63497385007,45.4268292682927,47.2350230414747,0.0,98.3870967741936,,,,,66.3594470046083,,
65,RJF.N,857000000.0,,2018-09-30,2023-03-29T00:00:00Z,52.5536653111314,100.0,,,,,,,,,,,,35020.7,,23.7493987493988,36.038961038961,0.0,0.0,,,75.0,25.0,0.0,74.95,74.4166666666667,,12.0,,46.1928934010152,44.1908713692946,0.0,76.3485477178423,,,,,63.9004149377593,,
66,RJF.N,1034000000.0,,2019-09-30,2023-07-07T00:00:00Z,43.8818313694057,100.0,,,,,,,,,,,,23859.8,,52.7271071030038,26.4705882352941,68.0555555555556,0.0,,,,28.5714285714286,0.0,33.8483593501115,74.6893915259637,,14.0,,45.5102040816327,36.0627177700349,0.0,77.3519163763066,,,,,62.1951219512195,,
67,RJF.N,818000000.0,,2020-09-30,2024-03-29T00:00:00Z,47.5759130776273,61.6666666666667,,,,,,,,,,,,22830.6,,62.3607245595784,38.7892376681614,64.4578313253012,36.7256637168142,,,75.0,25.0,0.0,38.4673518742443,77.7055622732769,,12.0,,44.1391941391941,46.2848297213622,0.0,74.6130030959752,23.0,,44.0,,61.9195046439629,,
68,RJF.N,1403000000.0,,2021-09-30,2024-09-11T00:00:00Z,69.5164981903006,100.0,,,,,,,,,,,,39855.0,,83.384389453676,68.4306569343066,97.5124378109453,60.2713178294574,4.02169525731584,,100.0,36.3636363636364,36.8476541908276,75.2239237214678,69.7630742559954,100.0,11.0,,43.4504792332268,46.9529085872576,76.6666666666667,89.612188365651,,,42.0,,59.2797783933518,265000.0,17.667
69,RJF.N,1509000000.0,,2022-09-30,2024-09-10T00:00:00Z,61.5377990216064,100.0,,,,,,,,,,,,39736.8,,81.3804213099597,63.7096774193548,97.4770642201835,56.1016949152542,3.51404757693668,,92.0,30.0,59.6993893846876,48.8381858902575,79.7732362821948,100.0,10.0,,43.1286549707602,35.378590078329,74.3478260869565,87.597911227154,,,44.0,,58.0939947780679,,
70,RJF.N,1739000000.0,,2023-09-30,2024-09-27T00:00:00Z,57.1005954677619,77.5,,,,,,,,,,,,43864.4,,77.5524346089064,65.5555555555556,84.3612334801762,51.0033444816054,,,92.0,27.2727272727273,35.7109773043075,47.8793998845932,74.4806693594922,100.0,11.0,,42.7536231884058,30.2110817941952,70.6827309236948,86.0158311345647,,,44.0,,56.7282321899736,,
71,RJF.N,2068000000.0,,,,,,,,,,,,,,,,,,,,,,,,,,,,,,,,,,,,,,,,,,,
72,CL.N,2180000000.0,,2013-12-31,2023-08-11T00:00:00Z,74.3725990689474,78.125,,,,,1.0,67.55,136500.0,,,24000000.0,,636000.0,,57.6981481481481,59.7222222222222,38.0,70.0,36.5097588978186,,99.0,20.0,53.3393501805054,99.8464687819857,91.5557830092119,100.0,10.0,2048.794489093,90.2439024390244,72.6190476190476,41.0714285714286,96.4285714285714,34.0,,39.0,,54.6511627906977,202446.0,5.41
73,CL.N,1384000000.0,,2014-12-31,2023-08-11T00:00:00Z,75.1574735531193,71.0526315789474,,,,,2.0,,151000.0,,,41000000.0,22.7272727272727,627000.0,479.249869769057,61.96732996733,55.4054054054054,44.2307692307692,81.4285714285714,36.2910227470047,6796800.0,98.0,18.1818181818182,53.7477148080439,86.5404298874104,93.7052200614125,100.0,11.0,1702.84192857556,88.0952380952381,87.5,45.0,96.5909090909091,35.0,,38.0,,54.5454545454545,400000.0,10.61
74,CL.N,2441000000.0,,2015-12-31,2023-08-11T00:00:00Z,81.5264550447703,100.0,,,,,,,148000.0,36519.8711063373,244800.0,43000000.0,4.54545454545454,592000.0,516.402644380691,67.417735042735,63.75,40.0,91.025641025641,36.9215417238368,6703200.0,96.0,27.2727272727273,52.2801302931596,92.0649509803922,92.8615196078431,100.0,11.0,1783.70961706374,91.0,83.3333333333333,76.4705882352941,95.0980392156863,35.0,,37.0,,55.0,356000.0,9.393
75,CL.N,2024000000.0,,2016-12-31,2024-01-19T00:00:00Z,87.6454074543304,10.0,1.0,,1.0,,1.0,,157000.0,94748.2403898213,630000.0,60000000.0,3.125,527000.0,554.129647910497,81.1811822135135,59.7560975609756,86.3636363636363,98.8372093023256,34.6824613359658,6649200.0,96.0,30.0,95.6127080181543,97.3336177474403,91.830204778157,100.0,10.0,2015.13655807832,92.2413793103448,84.1666666666667,76.25,95.8333333333333,36.0,,37.6,,58.0645161290323,734000.0,20.0
76,CL.N,2400000000.0,,2017-12-31,2024-01-19T00:00:00Z,90.6377590507745,100.0,,,,,,,144000.0,109409.190371991,720000.0,54000000.0,2.77777777777778,517600.0,548.72524912644,84.8671171171171,70.0,89.1891891891892,96.5909090909091,33.4929468098874,6580800.0,98.0,30.0,94.4520547945205,96.4457417582417,95.9993131868132,100.0,10.0,2159.31150511194,89.84375,88.28125,90.6976744186047,96.09375,36.9,,37.5,,54.6875,718000.0,20.0
77,CL.N,2367000000.0,,2018-12-31,2024-09-12T00:00:00Z,88.0805114224679,100.0,,,,,,,146000.0,122290.161200667,792000.0,43000000.0,7.5,498000.0,551.981471950592,86.9908076050933,73.0,89.7435897435897,98.9795918367347,32.0380854348945,6476400.0,97.0,27.2727272727273,91.8509895227008,79.35,96.45,100.0,11.0,2474.90993309315,88.9705882352941,87.5,89.3617021276596,99.2647058823529,38.6,,37.2,,52.9411764705882,690000.0,20.0
78,CL.N,2695000000.0,,2019-12-31,2024-09-12T00:00:00Z,83.8899236855487,81.25,,,,,,36.96122,147000.0,126090.374834193,826776.0,46000000.0,6.52173913043478,577901.0,541.642770662079,88.2039855428796,77.34375,90.2439024390244,97.5806451612903,36.8253998598101,6557011.2,99.0,27.2727272727273,95.183887915937,64.6543485186365,71.8222363810131,100.0,11.0,3476.70936086153,86.986301369863,86.0,87.2727272727273,98.0,39.6,,38.3,,52.6666666666667,686000.0,20.0
79,CL.N,2166000000.0,,2020-12-31,2024-09-12T00:00:00Z,92.2016622973017,100.0,,,,,,37.48699,146000.0,178448.002436248,1168671.6,,5.76923076923077,577536.0,534.272357476777,94.25983436853,92.0289855072464,90.4761904761905,99.2424242424242,35.0638091190577,6549087.6,99.0,40.0,95.2874331550802,87.8022974607013,75.2569528415961,100.0,10.0,3489.16277093073,98.0519480519481,93.125,87.9032258064516,98.125,40.7,100.0,40.2,,53.75,684000.0,20.0
80,CL.N,1785000000.0,,2021-12-31,2024-09-11T00:00:00Z,92.467041287986,100.0,,,,,,33.4314,172000.0,151713.45646438,1034989.2,,10.6060606060606,588800.0,505.13747775673,94.0068922305765,91.4473684210526,93.75,96.7532467532468,33.798289420814,6822000.0,100.0,40.0,95.0448075909331,92.8777809881537,71.8145044784744,100.0,10.0,2765.05367085701,98.2352941176471,88.3333333333333,89.5833333333333,97.2222222222222,40.4,99.0,41.0,,53.8888888888889,591500.0,17.5
81,CL.N,2300000000.0,,,,,,,,,,,,,,,,,,,,,,,,,,,,,,,,,,,,,,,,,,,
82,VICI.N,42662000.0,,2016-12-31,,,,,,,,,,,,,,,,,,,,,,,,,,,,,,,,,,,,,,,,,
83,VICI.N,523619000.0,,2017-12-31,2024-01-19T00:00:00Z,31.8724454080828,100.0,,,,,,,,,,,,39381.5,,0.0,0.0,0.0,0.0,,,75.0,0.0,0.0,62.1394230769231,99.3475274725275,,5.0,,43.7007874015748,43.5593220338983,0.0,42.5423728813559,,,,,67.4576271186441,,
84,VICI.N,545964000.0,,2018-12-31,2024-09-12T00:00:00Z,36.7813940103053,100.0,,,,,,,,,,,,420299.0,6278.09888286671,0.439596029028804,0.233644859813084,0.0,0.742574257425743,468.050963443384,,75.0,25.0,0.0,86.8833333333333,97.8166666666667,,8.0,,42.9078014184397,38.0877742946708,22.7722772277228,39.3416927899687,,,,,64.1065830721003,,
85,VICI.N,891674000.0,,2019-12-31,2024-09-12T00:00:00Z,55.5313955873296,100.0,,,,,,,,,,,,393663.0,6171.72544481548,46.5948067643942,47.9094076655052,0.0,57.0110701107011,439.94622249938,,75.0,28.5714285714286,36.9089316987741,77.2379738770309,98.7734947435489,100.0,7.0,,41.2772585669782,29.9157303370786,44.4444444444444,60.9550561797753,,,47.0,,59.4101123595506,,
86,VICI.N,1013851000.0,,2020-12-31,2024-09-12T00:00:00Z,60.9376389388383,100.0,,,,,,,,,,,,476266.0,1576.0099420598,48.5031375799195,52.5914634146341,0.0,56.7961165048544,,,75.0,42.8571428571429,51.3368983957219,78.8240628778718,98.6094316807739,100.0,7.0,,40.9356725146199,37.1621621621622,68.5365853658537,84.3243243243243,,,50.0,,55.2702702702703,,4.5
87,VICI.N,1117635000.0,,2021-12-31,2024-10-11T00:00:00Z,63.981845129005,100.0,,,,,,35.0,119794.0,,,,,2637.7,1307.62485663467,55.1657126006283,53.4530386740332,26.1316872427984,64.0298507462687,1.74731877289559,29109.6,97.5,42.8571428571429,52.3721665788086,73.3747471828951,98.1074833863045,100.0,7.0,43.0586193419318,40.0544959128065,51.6666666666667,66.8032786885246,87.3076923076923,,,50.0,,54.4871794871795,503.0,14.2
88,VICI.N,2513540000.0,,,,,,,,,,,,,,,,,,,,,,,,,,,,,,,,,,,,,,,,,,,
89,CE.N,624000000.0,,2013-12-31,2024-04-05T00:00:00Z,44.7846733241089,100.0,,,,,,,,,,139000000.0,,5210610.0,,37.3188655304396,37.9699248120301,56.3063063063063,17.7165354330709,,,75.0,11.1111111111111,40.884476534296,60.0307062436029,85.10747185261,100.0,9.0,,80.8270676691729,43.7931034482759,0.0,88.2978723404255,,,,,66.6666666666667,,
90,CE.N,304000000.0,,2014-12-31,2024-04-05T00:00:00Z,50.6984171881056,50.0,,,,,,,,,,,,5347660.0,,36.1810024743165,24.2537313432836,57.6576576576577,25.968992248062,,,75.0,20.0,39.0310786106033,75.5885363357216,35.4657113613101,100.0,10.0,,79.4776119402985,24.4827586206897,60.5882352941176,75.1748251748252,,,,,63.1944444444444,,
91,CE.N,900000000.0,,2015-12-31,2024-04-05T00:00:00Z,49.58168998006,100.0,,,,,,,,,,,,4739580.0,,37.2722923568305,22.7891156462585,63.2231404958678,25.0,,,75.0,33.3333333333333,8.79478827361564,87.7144607843137,35.3860294117647,100.0,9.0,,80.3333333333333,19.2073170731707,60.0,48.780487804878,,,,,60.4166666666667,,
92,CE.N,843000000.0,,2016-12-31,2024-04-05T00:00:00Z,46.3709167018784,100.0,,,,,,,,,,,,4687360.0,,38.3255026192195,25.776397515528,65.8914728682171,22.6114649681529,,,75.0,33.3333333333333,7.5642965204236,81.8472696245734,33.5110921501706,,9.0,,81.7901234567901,26.8361581920904,38.5593220338983,46.3276836158192,,,,,57.8651685393258,,
93,CE.N,1207000000.0,,2017-12-31,2024-04-05T00:00:00Z,42.5549890241426,81.25,,,1.0,,,,,,,,,5105740.0,,32.9190772364295,20.0581395348837,65.7894736842105,12.1951219512195,,,95.0,22.2222222222222,7.26027397260274,88.2383241758242,37.6201923076923,,9.0,,81.8713450292398,26.1658031088083,19.4656488549618,47.6683937823834,,,,,57.7720207253886,,
94,CE.N,852000000.0,,2018-12-31,2024-09-12T00:00:00Z,39.1737886272191,100.0,,,,,,,,,,,,5569020.0,,34.5984159240171,19.5544554455446,69.7452229299363,13.659793814433,,,75.0,33.3333333333333,6.86845168800931,69.95,31.15,,9.0,,78.5,21.9457013574661,15.7575757575758,49.5475113122172,,,,,57.2398190045249,,
95,CE.N,1985000000.0,,2019-12-31,2024-09-12T00:00:00Z,48.4315817746701,100.0,,,,,,43.232,121900.0,6505.5826333437,338760.0,,,2921500.0,17845.799587105,42.5782401001409,36.965811965812,69.6808510638298,20.7762557077626,463.951087819597,52072200.0,98.0,40.0,36.9089316987741,80.71041733036,33.8483593501115,100.0,10.0,698.74543433381,79.8672566371681,46.5725806451613,13.9784946236559,69.9596774193548,,,23.5,,58.4677419354839,,
96,CE.N,1890000000.0,,2020-12-31,2024-09-12T00:00:00Z,60.8165818477946,97.9166666666667,,,,,,,109887.0,220.727440672901,10850.23708,,,3646970.0,26542.3519009726,63.7090270171879,30.0359712230216,94.9074074074074,64.3129770992366,644.909814323607,49156720.37388,98.0,50.0,70.120320855615,85.5048367593712,37.4395405078597,100.0,10.0,265.25198938992,79.2452830188679,55.1903114186851,15.4929577464789,86.3321799307958,43.0,,24.0,,60.2076124567474,,
97,CE.N,1894000000.0,,2021-12-31,2024-09-11T00:00:00Z,67.8215101357118,100.0,,,,,,15.062,137789.0,486.678912876156,25089.22864,,,3706830.0,19403.0689937917,65.3920916033959,41.4373088685015,96.1065573770492,57.3015873015873,434.207684198196,51551912.31058,100.0,55.5555555555556,85.2134949920928,98.0785900028893,37.0268708465761,100.0,9.0,187.419468197259,79.7770700636943,65.4302670623145,38.0,82.9376854599407,37.5,,24.0,,59.3471810089021,,
98,CE.N,1960000000.0,,,,,,,,,,,,,,,,,,,,,,,,,,,,,,,,,,,,,,,,,,,
99,UNH.N,5619000000.0,,2013-12-31,2022-08-17T00:00:00Z,9.36893322077769,75.0,,,,,1.0,,,,,,,2242040.0,,0.0,0.0,0.0,0.0,,,75.0,18.1818181818182,0.0,31.064483111566,2.20061412487206,,11.0,,0.0,10.9756097560976,0.0,3.65853658536585,,,,,0.0,,
100,UNH.N,5813000000.0,,2014-12-31,2023-05-12T00:00:00Z,12.4498443741128,38.4615384615385,,,,,,,,,,,,2882520.0,,2.60869565217391,6.52173913043478,0.0,0.0,,,75.0,18.1818181818182,9.04936014625229,39.7645854657114,2.30296827021494,,11.0,,0.0,13.0,0.0,2.0,,,,,0.0,,
101,UNH.N,7017000000.0,,2015-12-31,2022-08-17T00:00:00Z,24.6362402853536,100.0,,,,,,,12885.0,,,,72.2222222222222,196663.0,4.39191124520231,43.7767923133777,68.1818181818182,0.0,35.3658536585366,1.25177745103655,1339940.0,75.0,20.0,8.79478827361564,19.3933823529412,0.949754901960784,,10.0,,53.2258064516129,32.1428571428571,0.0,1.42857142857143,,,67.0,,0.0,,
102,UNH.N,10558000000.0,,2016-12-31,2024-01-19T00:00:00Z,41.2942685096869,100.0,,,,,,,13487.0,,,,77.2727272727273,177141.0,4.59857173771911,38.6713286713287,74.2424242424242,0.0,19.2307692307692,0.958347760225059,1342285.2,75.0,20.0,33.0559757942511,69.3899317406143,0.149317406143345,,10.0,,60.8108108108108,60.5882352941176,0.0,2.94117647058824,55.0,,66.0,,0.0,12420000.0,54.0
103,UNH.N,11986000000.0,,2017-12-31,2024-01-19T00:00:00Z,79.5790427752901,35.0,,,1.0,,,,15898.0,,,,79.1666666666667,173289.0,4.05757634508026,77.6914893617022,86.25,0.0,92.5531914893617,0.861452880557171,1319310.0,75.0,27.2727272727273,41.3013698630137,95.6902472527472,73.540521978022,75.0,11.0,392.227044278407,68.4210526315789,89.7849462365591,41.304347826087,97.3118279569892,56.0,100.0,69.0,,59.6774193548387,10920000.0,42.0
104,UNH.N,13839000000.0,,2018-12-31,2023-11-03T00:00:00Z,79.9045097075981,92.8571428571429,,,,,,,15521.0,2016.41073409953,2649.6,,79.1666666666667,167687.0,3.25669290642528,79.8478260869566,85.8695652173913,0.0,97.5,0.741167838689574,1314018.0,75.0,27.2727272727273,56.2863795110594,93.95,78.95,75.0,11.0,274.03678280817,67.2413793103448,87.8640776699029,41.6666666666667,93.6893203883495,55.0,100.0,66.0,,57.7669902912621,10500000.0,35.0
105,UNH.N,15403000000.0,,2019-12-31,2024-09-12T00:00:00Z,70.1285401788564,100.0,,,,,,,,21870.0838228992,29577.6,,79.4117647058824,170713.0,,77.9319444444445,86.71875,0.0,92.6666666666667,0.704974086845202,1352422.8,75.0,27.2727272727273,64.0542907180385,86.2217266645429,74.0522459381969,17.0,11.0,,23.394495412844,84.7107438016529,40.625,88.4297520661157,55.0,100.0,69.0,,57.4380165289256,9100000.0,28.0
106,UNH.N,17285000000.0,,2020-12-31,2024-09-12T00:00:00Z,73.5793073788179,100.0,,,,,,,,51473.439317565,70729.2,,78.3333333333333,181238.0,,77.3875968992248,88.3333333333333,0.0,90.1162790697674,0.704819534807751,1374091.2,75.0,30.0,63.7366310160428,93.8482466747279,81.0308343409915,17.0,10.0,,25.1908396946565,91.1347517730496,44.4444444444444,88.2978723404255,56.0,100.0,70.0,,56.7375886524823,6270000.0,19.0
107,UNH.N,20120000000.0,,2021-12-31,2024-09-11T00:00:00Z,73.854020054636,33.3333333333333,,,,,,,,57840.1437129416,299167.2,,30.4878048780488,483610.0,,72.9820646334408,77.027027027027,0.0,90.3669724770642,1.681554397299,5172310.8,75.0,30.0,63.8376383763838,95.4781854955215,84.4120196475007,18.0,10.0,424.204703108864,23.3766233766234,90.3125,45.4022988505747,94.0625,57.0,100.0,70.0,,54.0625,12950000.0,37.0
108,UNH.N,22381000000.0,,,,,,,,,,,,,,,,,,,,,,,,,,,,,,,,,,,,,,,,,,,
109,ARE.N,95171000.0,,2013-12-31,2022-08-17T00:00:00Z,27.3091103981288,100.0,,,,,,,,,,,,35937.5,,14.7118374758824,21.9101123595506,28.7878787878788,4.44444444444444,,,75.0,14.2857142857143,0.0,66.8884339815763,9.05834186284545,,7.0,,35.1851851851852,14.7482014388489,0.0,26.2589928057554,,,,,0.0,,
110,ARE.N,144217000.0,,2014-12-31,2022-08-17T00:00:00Z,29.0767389668079,100.0,,,,,,,,,,,,37496.7,,10.2295745299477,11.4583333333333,28.3582089552239,4.54545454545455,,,75.0,14.2857142857143,0.0,78.0450358239509,7.62538382804504,,7.0,,36.4130434782609,24.3150684931507,0.0,27.0547945205479,,,,,0.0,,
111,ARE.N,-65991000.0,,2015-12-31,2022-08-17T00:00:00Z,40.3225543008569,100.0,,,,,,,,,,,,41648.9,,10.8310204081633,10.4,28.5714285714286,6.8,,,75.0,12.5,0.0,88.8786764705882,27.1139705882353,,8.0,,44.1176470588235,49.5850622406639,0.0,67.2199170124481,,,,,0.0,,
112,ARE.N,169093000.0,,2016-12-31,2024-01-19T00:00:00Z,41.6380468499352,100.0,,,,,,,,,,,,26904.6,3010.44491518988,12.4448482095541,6.20915032679739,27.5,14.527027027027,,3158856.0,75.0,14.2857142857143,0.0,86.9667235494881,28.6049488054608,,7.0,,44.7698744769874,57.2164948453608,0.0,69.0721649484536,,,,,68.5251798561151,,
113,ARE.N,379312000.0,,2017-12-31,2024-01-19T00:00:00Z,68.767527180685,100.0,,,,,,36.3,,,,,,32296.2,1418.94815605396,57.3265521663691,65.1098901098901,27.6315789473684,57.4534161490683,,3496417.33,75.0,12.5,55.6164383561644,90.4017857142857,34.6668956043956,100.0,8.0,,95.0787401574803,69.3220338983051,0.0,86.9491525423729,,,,,67.4576271186441,,
114,ARE.N,363165000.0,,2018-12-31,2023-03-29T00:00:00Z,72.389789601708,100.0,,,,,,38.3,,,,,59.5238095238095,204146.0,1293.18698129283,71.1187041712627,84.3457943925234,79.2592592592593,56.6831683168317,153.78704728357,3574593.464,75.0,12.5,68.9173457508731,75.2833333333333,35.15,57.0,8.0,51.6332331168044,93.7943262411348,69.7492163009404,22.7722772277228,92.9467084639498,,,,,64.1065830721003,3522.0,9.5
115,ARE.N,770959000.0,,2019-12-31,2023-03-29T00:00:00Z,75.2518191555802,100.0,,,,,,44.7,,,,,73.936170212766,194435.0,937.782831666771,69.4635639895693,83.4494773519164,80.110497237569,53.690036900369,126.974144776712,3227601.085,75.0,12.5,69.9211908931699,86.986301369863,34.83593501115,63.1,8.0,52.2433285269471,94.8598130841121,80.1966292134831,15.7407407407407,92.5561797752809,48.0,,57.0,,59.4101123595506,6453.3,14.7
116,ARE.N,571247000.0,,2020-12-31,2023-09-28T00:00:00Z,74.1707362429122,100.0,,,,,,38.5,,,,,79.0983606557377,212154.0,958.221306115652,71.4367338123304,94.969512195122,81.8807339449541,46.7637540453074,112.510520317537,3763885.3992,75.0,22.2222222222222,70.120320855615,88.0139056831923,40.7648125755744,68.7,9.0,93.3371587426424,94.7368421052632,57.1621621621622,17.5609756097561,91.4864864864865,49.0,,53.0,,55.2702702702703,,
117,ARE.N,521660000.0,,2021-12-31,2024-10-25T00:00:00Z,71.6334136475019,100.0,,,,,,41.1,,,,,81.8493150684932,227110.0,1148.17793439444,65.0243834274601,87.707182320442,80.6584362139918,39.8507462686567,107.423787337701,,75.0,28.5714285714286,85.2134949920928,82.3316960416065,38.0381392661081,62.64,7.0,851.406002412317,93.3242506811989,59.6153846153846,12.9098360655738,96.7948717948718,48.0,,55.0,,54.4871794871795,,
118,ARE.N,103639000.0,,,,,,,,,,,,,,,,,,,,,,,,,,,,,,,,,,,,,,,,,,,
119,GEN.OQ,878000000.0,,2015-04-03,2023-11-10T00:00:00Z,67.020709615811,100.0,,,,,,54.299,1105.0,,,,62.5,123000.0,129.676440849343,77.485632183908,91.8103448275862,60.0,91.25,31.0920121334681,1404323.0,75.0,33.3333333333333,89.0065146579804,39.1237745098039,91.4522058823529,100.0,9.0,8026.54196157735,32.9383886255924,97.7459016393443,71.3333333333333,99.3852459016394,28.69,,27.0,,62.6984126984127,,
120,GEN.OQ,2488000000.0,,2016-04-01,2024-06-21T00:00:00Z,69.3570279226698,45.7142857142857,,,,,,,,,,,51.6949152542373,112000.0,150.277777777778,74.3453793340459,78.0769230769231,58.9041095890411,92.4460431654676,31.1111111111111,1430570.0,75.0,30.0,90.0907715582451,49.8933447098976,93.1100682593857,100.0,10.0,7423.88888888889,34.7985347985348,97.8827361563518,68.8118811881188,93.9739413680782,28.966,,27.0,,61.7924528301887,,
121,GEN.OQ,-106000000.0,,2017-03-31,2024-06-21T00:00:00Z,64.9253993061345,41.025641025641,,,,,,,1192.0,,,,47.0149253731343,93000.0,109.977606369744,71.7481029137496,81.7880794701987,53.8461538461538,88.9240506329114,23.1400845981587,1352050.0,75.0,27.2727272727273,88.6986301369863,38.7877747252747,77.0432692307692,100.0,11.0,6293.10773824334,35.8006042296073,97.5452196382429,67.6470588235294,99.8708010335917,28.484,,26.0,,63.1782945736434,15918.0,1.4
122,GEN.OQ,1138000000.0,,2018-03-30,2024-09-27T00:00:00Z,73.8043557753613,88.9830508474576,,,,,,,857.0,,,,42.0,76000.0,161.391168425166,73.0759539683722,85.1010101010101,52.9069767441861,91.9512195121951,29.6991012114107,1310275.0,75.0,27.2727272727273,88.6495925494761,64.6833333333333,84.3833333333333,100.0,11.0,18817.1160609613,35.9493670886076,96.9457013574661,69.060773480663,99.6606334841629,28.175,,25.0,,60.2941176470588,9161.0,0.7
123,GEN.OQ,31000000.0,,2019-03-29,2024-09-27T00:00:00Z,78.6588722530749,60.2040816326531,,,1.0,,,,982.0,,,,61.25,64000.0,155.130293159609,76.674511454666,95.5673758865248,53.6458333333333,94.7841726618705,26.0586319218241,1185794.0,75.0,28.5714285714286,79.6409807355517,70.4842306467028,99.6973558458108,37.0,14.0,9992.26384364821,35.181236673774,97.6099426386233,97.2103004291845,99.7131931166348,27.96992,,25.0,,60.3250478011472,,
124,GEN.OQ,3887000000.0,,2020-04-03,2024-09-13T00:00:00Z,73.0853945288323,73.3333333333333,,,,,,,,167918.338053801,52410.0,,22.5714285714286,37872.0,,75.1188339438339,93.1490384615385,52.8,92.8571428571429,15.2096385542169,312116.0,75.0,22.2222222222222,89.572192513369,57.1493349455865,96.3875453446191,100.0,9.0,5464.38313253012,34.5092024539877,78.0791788856305,96.218487394958,99.3401759530792,27.0,,31.0,,57.6246334310851,,
125,GEN.OQ,554000000.0,,2021-04-02,2024-09-13T00:00:00Z,81.6151507244331,75.8241758241758,,,,,,93.69183,3868.0,172061.364469344,32862.0,,43.1330472103004,18550.0,96.2069776558212,76.178886456453,97.5454545454545,52.1212121212121,94.0114068441065,7.27165817326539,190990.0,75.0,44.4444444444444,89.7733263046916,88.7460271597804,89.7861889627275,100.0,9.0,2502.23441787534,34.2704149933066,71.3263979193758,95.5531453362256,97.8543563068921,27.0,,33.0,,56.371911573472,,
126,GEN.OQ,836000000.0,,2022-04-01,2024-09-20T00:00:00Z,78.5378904634497,100.0,,,,,,90.0,3399.0,235979.46570687,32913.0,,49.3031358885017,12586.0,73.1863376251788,76.6237605295507,97.7760736196319,52.3076923076923,94.6192052980132,4.50143061516452,139474.0,87.0,44.4444444444444,95.1150775011743,86.1842105263158,67.6791713325868,100.0,9.0,1669.20886981402,33.8528678304239,74.6658566221142,86.7592592592593,96.1725394896719,29.0,,33.0,,56.0753341433779,,
127,GEN.OQ,1349000000.0,,2023-03-31,2024-09-27T00:00:00Z,71.9414748175412,100.0,,,,,,85.441,4389.0,196528.083078861,33080.0,,48.202614379085,14645.0,61.9862192929898,73.9934663238171,88.9307228915663,52.4886877828054,92.7083333333333,4.38735769922109,168322.0,87.0,40.0,83.6266790180639,67.2100403923831,92.9169070975187,100.0,10.0,1613.78460155782,32.286432160804,71.7901234567901,59.6631205673759,96.358024691358,26.0,,32.0,,54.8765432098765,,
128,GEN.OQ,616000000.0,,2024-03-29,2024-09-27T00:00:00Z,76.7293143045703,100.0,,,,,,56.33188,916.0,271982.578881527,29351.0,,54.6822742474916,12498.0,58.5960125918153,76.2054732534102,94.6594427244582,52.3474178403756,95.5833333333333,3.27859391395593,107915.0,95.0,40.0,84.2318702290076,84.4532861774241,66.1508989095196,100.0,10.0,1671.54879328437,32.4935400516796,76.4593908629442,80.0185873605948,96.3832487309645,34.0,,34.0,,55.3299492385787,,
129,LLY.N,2390500000.0,,2013-12-31,2022-08-17T00:00:00Z,69.3867396115156,28.9473684210526,,,2.0,,3.0,86.29,310000.0,,,1800000.0,32.6086956521739,1614000.0,592.737451921205,69.5889228250888,78.030303030303,23.9130434782609,75.6944444444444,69.8305290073595,12154291.2,85.0,25.0,94.4945848375451,72.4155578300921,27.1750255885363,100.0,16.0,32449.130579628,83.125,76.9662921348315,47.9591836734694,86.6279069767442,36.0,,46.0,,65.7303370786517,,
130,LLY.N,2408400000.0,,2014-12-31,2023-05-12T00:00:00Z,64.9441651446351,27.9411764705882,,,1.0,,3.0,85.661,295000.0,,,1600000.0,40.4761904761905,1580000.0,764.697485674667,72.155572755418,86.0294117647059,21.0526315789474,75.0,80.5481351577316,12059335.8,80.0,28.5714285714286,93.327239488117,40.6857727737973,19.396110542477,100.0,14.0,30078.1011032036,83.5365853658537,89.7849462365591,45.3703703703704,95.0549450549451,36.0,,46.0,,63.9175257731959,,
131,LLY.N,2737600000.0,,2015-12-31,2022-08-11T00:00:00Z,66.8853781331837,100.0,,,,,,15.0,120000.0,,,1700000.0,55.3571428571429,908000.0,344.711829928803,74.0020308506755,83.125,22.2222222222222,81.3253012048193,45.4939449964176,7068902.0,80.0,30.7692307692308,91.6123778501629,50.0919117647059,16.7585784313725,51.0,13.0,28057.9396453677,87.378640776699,85.042735042735,45.2380952380952,95.2991452991453,37.0,,47.0,,63.2,,
132,LLY.N,-204100000.0,,2016-12-31,2024-01-19T00:00:00Z,71.5301442306956,75.8064516129032,,,,,,14.667,150000.0,,,900000.0,61.6666666666667,871000.0,315.708624499932,78.5999955101079,85.9550561797753,20.0,89.5604395604396,41.0421211849911,6942294.8,80.0,21.4285714285714,91.1497730711044,44.6032423208191,16.4889078498294,51.0,14.0,33879.7762709628,96.3709677419355,89.3382352941177,69.2857142857143,94.4852941176471,37.0,,47.0,,62.5806451612903,1600000.0,40.0
133,LLY.N,3232000000.0,,2017-12-31,2024-01-19T00:00:00Z,70.3366800744379,44.1860465116279,,,1.0,,,16.25,160000.0,24740.506732539,172800.0,3300000.0,56.578947368421,859000.0,329.932211196668,80.1211414847779,86.7521367521367,18.1818181818182,92.7350427350427,43.0063383031772,6984497.2,80.0,28.5714285714286,91.5753424657534,31.0267857142857,24.3303571428571,51.0,14.0,48643.7232774935,97.4093264248705,90.2714932126697,72.5490196078431,95.2488687782805,41.0,,47.0,,65.6108597285068,,
134,LLY.N,8318400000.0,,2018-12-31,2024-09-12T00:00:00Z,71.7426566253879,91.1111111111111,,,,,,86.95652,115000.0,25141.9974119706,176400.0,3200000.0,59.0,832000.0,315.447139341097,85.4017486508925,82.9861111111111,61.1111111111111,94.8630136986301,38.7097374530668,7016149.0,80.0,35.7142857142857,78.5215366705472,30.9166666666667,31.35,51.0,14.0,61893.706410835,97.0464135021097,95.5769230769231,70.2290076335878,95.9615384615385,42.0,,48.0,,63.8461538461538,,
135,LLY.N,6193700000.0,,2019-12-31,2024-09-12T00:00:00Z,69.5466075310402,64.4444444444444,,,,,,92.85714,140000.0,26657.2517202813,180000.0,2100000.0,62.7272727272727,788000.0,280.920271511459,85.7996192289386,82.9842931937173,60.0,96.0732984293194,35.3054503909138,6752384.0,80.0,30.7692307692308,78.7653239929948,26.5530423701816,25.374323032813,51.0,13.0,,96.6783216783217,94.1269841269841,66.3398692810458,93.4920634920635,45.0,,50.0,,63.968253968254,,
136,LLY.N,5581700000.0,,2020-12-31,2024-09-12T00:00:00Z,68.4707960824069,94.7916666666667,1.0,,,,,92.30769,130000.0,27517.1630660968,180000.0,700000.0,66.3934426229508,710000.0,248.575783013716,85.4816933861052,81.7567567567568,63.2352941176471,96.3942307692308,28.9325911376621,6541372.0,75.0,30.7692307692308,79.846256684492,17.7599758162031,30.456469165659,51.0,13.0,74548.2848270972,96.9604863221885,97.8693181818182,62.8571428571429,97.3011363636363,46.0,,50.0,,60.9375,2450000.0,70.0
137,LLY.N,6244800000.0,,2021-12-31,2024-09-11T00:00:00Z,64.8811259945676,36.3636363636364,,,,,1.0,91.52542,118000.0,,,,45.0,645000.0,209.051358833832,76.4611375054881,65.4716981132075,60.6382978723404,91.0984848484848,22.7767105486186,6435866.0,75.0,30.7692307692308,80.284659989457,15.8769141866513,25.7584513146489,51.0,13.0,110546.499802249,97.3684210526316,94.8684210526316,59.4660194174757,97.5,48.0,88.4,51.0,,59.8684210526316,,
138,LLY.N,5240400000.0,,,,,,,,,,,,,,,,,,,,,,,,,,,,,,,,,,,,,,,,,,,
139,DAY.N,-104700000.0,,2016-12-31,,,,,,,,,,,,,,,,,,,,,,,,,,,,,,,,,,,,,,,,,
140,DAY.N,-92900000.0,,2017-12-31,2024-02-09T00:00:00Z,11.8876146140553,100.0,,,,,,,,,,,,12792.5,,0.0,0.0,0.0,0.0,,,,0.0,0.0,2.79876373626374,1.0989010989011,,7.0,,35.8006042296073,8.01033591731266,0.0,40.9560723514212,,,,,63.1782945736434,,
141,DAY.N,-9200000.0,,2018-12-31,2024-02-09T00:00:00Z,27.2536849977273,100.0,,,,,,,,,,,,8360.75,,0.0,0.0,0.0,0.0,,,75.0,11.1111111111111,0.0,13.25,15.4833333333333,,9.0,,35.9493670886076,51.9230769230769,0.0,91.1764705882353,,,,,60.2941176470588,,
142,DAY.N,-60600000.0,,2019-12-31,2024-02-09T00:00:00Z,26.8913559406096,100.0,,,,,,,,,,,23.75,7661.99,,0.275807722616233,1.24113475177305,0.0,0.0,,,75.0,25.0,0.0,7.34310289901243,36.237655304237,,8.0,,35.181236673774,48.4703632887189,0.0,90.057361376673,,,,,60.3250478011472,,
143,DAY.N,78700000.0,,2020-12-31,2024-09-12T00:00:00Z,47.005540795885,100.0,,,,,,,147.0,,,,32.8571428571429,12856.0,15.7316296735905,20.8564279287964,36.8990384615385,0.0,37.9699248120301,15.2593471810089,54397.031,92.0,33.3333333333333,37.2660427807487,32.2097944377267,36.5628778718259,100.0,9.0,474.777448071217,34.5092024539877,91.2756598240469,58.1232492997199,95.0879765395895,45.1,,49.0,,57.6246334310851,119483.0,20.001
144,DAY.N,-4000000.0,,2021-12-31,2024-09-11T00:00:00Z,65.3760847525564,100.0,,,,,,,301.0,,,,30.2575107296137,8359.0,13.4921777191955,37.6556054845028,58.0909090909091,0.0,74.2395437262357,8.16149189611404,66974.0,94.0,33.3333333333333,76.1992619926199,75.9173649234325,27.7809881537128,100.0,9.0,1074.00898262058,34.2704149933066,89.0117035110533,73.7527114967462,96.2938881664499,43.4,,48.9,,56.371911573472,35000.0,5.0
145,DAY.N,-75400000.0,,,,,,,,,,,,,,,,,,,,,,,,,,,,,,,,,,,,,,,,,,,
146,DAY.N,-73400000.0,,,,,,,,,,,,,,,,,,,,,,,,,,,,,,,,,,,,,,,,,,,
147,DAY.N,54800000.0,,,,,,,,,,,,,,,,,,,,,,,,,,,,,,,,,,,,,,,,,,,
148,GRMN.N,364211000.0,,2014-12-27,2023-05-12T00:00:00Z,59.0989942564587,100.0,,,,,,78.659,2280.702,,,,,92487.8,55.1410763664637,47.2338574232583,47.2222222222222,32.3529411764706,71.0526315789474,,79392.47,75.0,0.0,29.5081967213115,73.7179487179487,58.3333333333333,100.0,6.0,,50.0,46.0,55.5555555555556,80.0,,,,,57.5,,
149,GRMN.N,456227000.0,,2015-12-26,2023-05-12T00:00:00Z,54.8401840095389,100.0,,,,,,72.207,2128.655,,,,,94061.9,73.8978860180054,46.764705882353,39.5833333333333,33.3333333333333,74.0,,191872.746,75.0,14.2857142857143,0.0,61.6883116883117,51.2987012987013,,7.0,,56.4516129032258,62.5,40.3846153846154,79.1666666666667,,,,,57.8125,,
150,GRMN.N,517724000.0,,2016-12-31,2024-06-28T00:00:00Z,59.9680945235715,100.0,,,,,,75.528,2017.54,,,,,96839.5,51.9702541204281,53.5835084033614,48.2142857142857,38.0,82.8125,,185184.0,75.0,16.6666666666667,19.672131147541,73.0263157894737,51.9736842105263,100.0,6.0,,51.25,64.7727272727273,31.0344827586207,84.0909090909091,,,,,58.974358974359,,
151,GRMN.N,709007000.0,,2017-12-30,2024-06-28T00:00:00Z,57.5101029847173,87.5,,,,,,75.528,2017.54,,,,,101235.0,50.7089404015941,55.3811876392522,48.6111111111111,43.5483870967742,79.7297297297297,,185184.0,75.0,16.6666666666667,0.0,65.625,45.625,,6.0,,53.0,70.5357142857143,28.7878787878788,84.8214285714286,,,,,61.6071428571429,,
152,GRMN.N,694080000.0,,2018-12-29,2023-10-13T00:00:00Z,57.6576966446581,72.7272727272727,,,,,,,,,,,,107643.0,,48.968308253534,27.906976744186,43.9393939393939,73.8636363636363,,,75.0,16.6666666666667,0.0,77.9069767441861,53.8759689922481,,6.0,,50.8928571428571,63.7096774193548,50.0,64.5161290322581,,,,,61.2903225806452,,
153,GRMN.N,952486000.0,,2019-12-28,2023-07-07T00:00:00Z,61.4769449905828,100.0,,,,,,,,,,,,122796.0,,47.1533613445378,40.0,35.0,72.3214285714286,,,75.0,16.6666666666667,15.9090909090909,80.4635761589404,53.3112582781457,100.0,6.0,,55.0724637681159,63.4615384615385,50.0,81.4102564102564,,,,,61.5384615384615,,
154,GRMN.N,992324000.0,,2020-12-26,2023-10-13T00:00:00Z,63.3001930905155,15.0,,,,,,,,,,,,133377.0,,48.4311288724272,34.5588235294118,38.5416666666667,75.3521126760563,,,75.0,16.6666666666667,16.0583941605839,87.75,49.25,100.0,6.0,,50.6172839506173,59.8901098901099,71.09375,79.1208791208791,20.0,,43.0,,60.4395604395604,,
155,GRMN.N,1082200000.0,,2021-12-25,2024-06-28T00:00:00Z,59.5004195209917,100.0,,,,,,,,,,,,157088.0,,44.5091225679461,28.6666666666667,39.2857142857143,65.5405405405405,,,75.0,16.6666666666667,10.2649006622517,82.6829268292683,50.9756097560976,100.0,6.0,,50.5555555555556,59.4736842105263,63.013698630137,71.5789473684211,22.0,,45.0,,58.421052631579,,
156,GRMN.N,973585000.0,,,,,,,,,,,,,,,,,,,,,,,,,,,,,,,,,,,,,,,,,,,
157,GRMN.N,1289636000.0,,,,,,,,,,,,,,,,,,,,,,,,,,,,,,,,,,,,,,,,,,,
158,PODD.OQ,-51500000.0,,2014-12-31,,,,,,,,,,,,,,,,,,,,,,,,,,,,,,,,,,,,,,,,,
159,PODD.OQ,-73520000.0,,2015-12-31,2024-02-16T00:00:00Z,18.1699023729762,100.0,,,,,,,,,,,,4799.28,,0.0,0.0,0.0,0.0,,,75.0,37.5,0.0,33.7928921568627,24.6629901960784,,8.0,,16.6666666666667,26.063829787234,0.0,29.7872340425532,,,,,58.0645161290323,,
160,PODD.OQ,-28879000.0,,2016-12-31,2024-02-16T00:00:00Z,20.8221284039783,100.0,,,,,,,,,,,,5378.4,,0.0,0.0,0.0,0.0,,,75.0,37.5,0.0,32.9564846416382,48.6561433447099,,8.0,,21.2121212121212,15.3571428571429,12.5,29.2857142857143,,,,,59.4890510948905,,
161,PODD.OQ,-26831000.0,,2017-12-31,2024-02-16T00:00:00Z,23.0974724031896,100.0,,,,,,,,,,,,6773.09,,0.0,0.0,0.0,0.0,,,75.0,25.0,0.0,29.3097527472527,58.6710164835165,,8.0,,20.2380952380952,40.5027932960894,8.9041095890411,35.4748603351955,,,,,63.1284916201117,,
162,PODD.OQ,3292000.0,,2018-12-31,2024-02-16T00:00:00Z,22.056092159276,100.0,,,,,,,,,,,,8331.8,,0.0,0.0,0.0,0.0,,,75.0,25.0,0.0,23.3833333333333,88.0166666666667,,8.0,,18.2989690721649,34.375,1.51515151515151,35.3365384615385,,,,,61.2980769230769,,
163,PODD.OQ,11600000.0,,2019-12-31,2024-06-21T00:00:00Z,63.1055212169813,100.0,,,,,,,,,,,,9104.2,,22.6946973425197,9.765625,50.0,4.7244094488189,,,100.0,44.4444444444444,22.5919439579685,95.1099076138898,88.8021662949984,100.0,9.0,,85.7142857142857,56.875,11.0655737704918,86.0416666666667,,,,,60.2083333333333,3011.0,1.543
164,PODD.OQ,6800000.0,,2020-12-31,2024-02-16T00:00:00Z,72.6324734099129,81.25,,,,,,,642.0,9890.71942772942,1218.956,,,3982.0,11.9211609907121,53.9972805534547,53.6184210526316,50.0,59.4674556213018,4.40291906236179,123242.4,100.0,40.0,70.120320855615,95.6620314389359,73.2013301088271,100.0,10.0,,85.8974358974359,81.2937062937063,18.4049079754601,85.1398601398601,,,47.0,,59.965034965035,5940.0,1.988
165,PODD.OQ,16800000.0,,2021-12-31,2024-09-11T00:00:00Z,71.5160010709437,100.0,,,,,,,810.0,40590.5931300421,2880.0,,,4209.0,15.952914543138,57.9704052766793,63.0102040816327,50.0,61.6336633663366,3.83054240990171,70952.4,90.0,50.0,70.1107011070111,83.0540306269864,78.8933834151979,100.0,10.0,227.520931925737,85.7615894039735,71.2218649517685,29.2746113989637,88.9067524115756,,,47.0,,58.0385852090032,6000.0,1.727
166,PODD.OQ,4600000.0,,,,,,,,,,,,,,,,,,,,,,,,,,,,,,,,,,,,,,,,,,,
167,PODD.OQ,206300000.0,,,,,,,,,,,,,,,,,,,,,,,,,,,,,,,,,,,,,,,,,,,
168,ISRG.OQ,418800000.0,,2013-12-31,2022-08-17T00:00:00Z,29.9897902293157,85.0,,,,,1.0,,,,,,,26663.1,,0.0,0.0,0.0,0.0,,,96.83,11.1111111111111,0.0,52.5588536335721,62.6919140225179,,9.0,,18.3333333333333,21.6417910447761,7.14285714285714,62.3076923076923,,,,,59.8484848484849,,
169,ISRG.OQ,588800000.0,,2014-12-31,2022-08-10T00:00:00Z,36.2956461833521,13.4615384615385,,,1.0,,3.0,,,,,,,25163.0,,0.0,0.0,0.0,0.0,,,95.45,12.5,0.0,87.9733879222109,51.9447287615148,,8.0,,9.16666666666667,17.1641791044776,6.41025641025641,65.6716417910448,,,,,57.6923076923077,,
170,ISRG.OQ,738300000.0,,2015-12-31,2022-08-11T00:00:00Z,43.4163119318309,100.0,,,,,,,,,,,,27268.9,,8.33333333333334,0.0,0.0,29.1666666666667,,,100.0,11.1111111111111,0.0,96.0477941176471,92.3713235294118,,9.0,,16.6666666666667,22.8723404255319,9.80392156862745,56.3829787234043,,,,,58.0645161290323,,
171,ISRG.OQ,670900000.0,,2016-12-31,2024-01-19T00:00:00Z,43.6193896118024,100.0,,,,,,,,,,,,26467.0,,7.46268656716419,0.0,0.0,26.1194029850746,,,94.44,11.1111111111111,0.0,89.2704778156997,94.4752559726962,,9.0,,21.2121212121212,33.9285714285714,5.14705882352941,62.5,,,,,59.4890510948905,,
172,ISRG.OQ,1127900000.0,,2017-12-31,2024-01-19T00:00:00Z,42.6932861477696,100.0,,,,,,,,,,,,28223.9,,7.23327305605787,0.0,0.0,25.3164556962025,,,,22.2222222222222,0.0,78.176510989011,96.0336538461538,,9.0,,20.2380952380952,50.5586592178771,3.42465753424658,66.7597765363129,,,,,63.1284916201117,,
173,ISRG.OQ,1379300000.0,,2018-12-31,2024-09-12T00:00:00Z,49.6218796984168,80.0,,,,,,,,,,,,34078.6,,6.78210678210679,0.0,0.0,23.7373737373737,,,75.0,20.0,0.0,89.4166666666667,91.7833333333333,,10.0,6766.55389076849,18.2989690721649,62.7403846153846,15.1515151515152,86.7788461538462,,,30.9,,61.2980769230769,,
174,ISRG.OQ,1060600000.0,,2019-12-31,2023-09-01T00:00:00Z,51.4941765859614,100.0,,,,,,,,,,,,45820.9,,27.9538544010124,49.609375,0.0,35.8267716535433,,,75.0,30.0,22.5919439579685,81.4749920356801,97.1806307741319,100.0,10.0,118.02880428715,15.4017857142857,63.9583333333333,16.8032786885246,77.2916666666667,29.0,,33.2,,60.2083333333333,,
175,ISRG.OQ,1704600000.0,,2020-12-31,2024-09-12T00:00:00Z,59.2720457686241,100.0,,,,,,,,,,,,37250.8,,43.4125717400009,65.4605263157895,0.0,70.1183431952663,,,75.0,30.0,37.2660427807487,92.729746070133,98.9268440145103,100.0,10.0,290.014684287812,14.2857142857143,72.5524475524475,25.7668711656442,77.0979020979021,28.1,,33.6,,59.965034965035,,
176,ISRG.OQ,1322300000.0,,2021-12-31,2024-09-11T00:00:00Z,60.4699580572324,100.0,,,,,,,,,,,54.8076923076923,25987.0,,51.1010521606096,85.4591836734694,0.0,72.029702970297,4.55105865046146,,75.0,36.3636363636364,36.8476541908276,95.5648656457671,82.5050563420977,100.0,11.0,255.337034377682,12.9139072847682,76.6881028938907,29.2746113989637,75.7234726688103,30.1,,35.6,,58.0385852090032,,
177,ISRG.OQ,1798000000.0,,,,,,,,,,,,,,,,,,,,,,,,,,,,,,,,,,,,,,,,,,,
178,AVB.N,683567000.0,,2013-12-31,2022-10-20T00:00:00Z,74.4989175778949,100.0,,,,,,,,,,4900000.0,72.8571428571429,73602.0,8530.52630046325,64.6995476433679,62.3595505617977,85.6060606060606,61.6666666666667,50.3116709651444,965160.0,75.0,11.1111111111111,53.3393501805054,86.7451381780962,52.661207778915,100.0,9.0,,80.8641975308642,88.1294964028777,46.6666666666667,94.2446043165468,,,39.0,,72.6618705035971,85000.0,29.36
179,AVB.N,742038000.0,,2014-12-31,2023-05-12T00:00:00Z,75.3493556373878,100.0,,,,,,,,,,3200000.0,,79861.0,7179.89677703062,65.3598686761,67.1875,83.5820895522388,59.0909090909091,47.393536495118,992260.8,75.0,10.0,53.7477148080439,92.5793244626407,57.2671443193449,100.0,10.0,,82.0652173913044,85.958904109589,37.5,88.3561643835616,,,39.0,,68.7074829931973,90000.0,30.27
180,AVB.N,1034002000.0,,2015-12-31,2022-08-11T00:00:00Z,80.6885786874729,100.0,,,,,,,,,,7400000.0,79.7619047619048,75823.0,6342.25883607359,74.632925170068,74.0,82.7380952380952,73.2,40.8522931766116,988344.0,75.0,10.0,76.9543973941368,92.2487745098039,50.4595588235294,100.0,10.0,592.663472749334,90.9090909090909,89.4190871369295,10.6060606060606,97.3029045643154,,,38.0,,68.2608695652174,104000.0,34.97
181,AVB.N,876921000.0,,2016-12-31,2024-01-19T00:00:00Z,75.5217808263559,100.0,,,,,,,,,,10600000.0,73.9583333333333,76888.0,5706.80557045454,75.1867363161481,73.5294117647059,83.5,74.6621621621622,37.5933563296508,1001937.6,75.0,18.1818181818182,84.947049924357,69.0486348122867,88.2465870307167,100.0,11.0,684.511222317022,44.7698744769874,90.5498281786942,5.55555555555556,98.4536082474227,,,38.0,,68.5251798561151,63112.0,20.625
182,AVB.N,974525000.0,,2017-12-31,2024-01-19T00:00:00Z,76.3100848727258,100.0,,,,,,,,,,3400000.0,78.7037037037037,81250.0,5320.3575358978,73.2223595299764,73.9010989010989,81.5789473684211,70.4968944099379,37.63964888809,1034881.2,75.0,18.1818181818182,83.8356164383562,74.1243131868132,80.1339285714286,100.0,11.0,903.351573314161,43.7007874015748,86.271186440678,74.5454545454545,98.8135593220339,,,38.0,,67.4576271186441,64936.0,20.833
183,AVB.N,785974000.0,,2018-12-31,2024-09-12T00:00:00Z,75.9704105168439,100.0,,,,,,,,,,14700000.0,81.7460317460317,79590.0,5099.24445617161,73.7203248139678,78.2710280373832,79.2592592592593,68.0693069306931,34.8385995399501,1056898.0872,75.0,18.1818181818182,83.4109429569267,75.7833333333333,77.3833333333333,100.0,11.0,919.224262267814,42.9078014184397,83.8557993730408,60.8910891089109,97.9623824451411,40.0,,39.0,,64.1065830721003,60991.0,19.7
184,AVB.N,827630000.0,,2019-12-31,2024-09-12T00:00:00Z,76.1933997788785,100.0,,,,,,,,,,2310000.0,85.6382978723404,80402.0,4948.89028368864,62.0884126870359,67.4216027874565,80.110497237569,52.5830258302583,34.5870690597111,1046790.7848,75.0,20.0,83.8879159369527,92.8161834979293,89.2163109270468,100.0,10.0,946.388795444945,41.2772585669782,80.7584269662921,91.358024691358,97.3314606741573,40.0,,39.0,,59.4101123595506,76808.0,24.53146
185,AVB.N,1004299000.0,,2020-12-31,2024-09-12T00:00:00Z,74.3995604172542,100.0,,,,,,,,,4321.26,2170000.0,34.0163934426229,57805.0,5445.54923943003,60.6857725232446,65.3963414634146,81.8807339449541,50.9708737864078,25.118837020225,,75.0,20.0,84.75935828877,87.2581620314389,81.0912938331318,100.0,10.0,1042.90647605813,40.9356725146199,85.2702702702703,89.7560975609756,97.4324324324324,40.0,,39.0,,55.2702702702703,54776.0,17.65828
186,AVB.N,1136775000.0,,2021-12-31,2024-09-11T00:00:00Z,71.975898347763,100.0,,,,,,,,,9226.087,4110000.0,45.5479452054795,49810.0,5448.22414836264,76.7662345506916,81.353591160221,80.6584362139918,71.4925373134328,21.7051223391507,,75.0,25.0,85.2134949920928,51.0979485697775,72.5946258306848,100.0,12.0,1089.39582107763,40.0544959128065,83.974358974359,87.5,98.0769230769231,,,39.0,,54.4871794871795,58335.0,20.081
187,AVB.N,928825000.0,,,,,,,,,,,,,,,,,,,,,,,,,,,,,,,,,,,,,,,,,,,
188,TPR.N,402400000.0,,2013-06-29,2022-09-08T00:00:00Z,38.3177565105879,100.0,,,,,,,,,,,,53843.0,,38.7926723200696,45.8904109589041,0.0,61.3095238095238,10.6086428826159,397243.056,75.0,33.3333333333333,62.5451263537906,21.6479017400205,48.1064483111566,64.8,9.0,1186.50980515783,19.7530864197531,82.5892857142857,26.984126984127,44.0909090909091,64.0,,79.0,,64.4859813084112,,
189,TPR.N,460500000.0,,2014-06-28,2023-05-12T00:00:00Z,53.6618856542435,100.0,,,,,,83.0,,,,,,52415.3,,43.2433734939759,39.3333333333333,0.0,82.5301204819277,,404943.587,75.0,20.0,61.7915904936015,35.7727737973388,80.0921187308086,50.0,10.0,2019.88004725537,21.1764705882353,72.3684210526316,76.1194029850746,87.8378378378378,,,79.0,,63.8888888888889,,
190,TPR.N,591000000.0,,2015-06-27,2022-09-08T00:00:00Z,51.3839373564153,100.0,,,,,,85.0,,,,,,46963.8,,58.6496717812412,73.5955056179775,0.0,87.6344086021505,,360655.0,75.0,22.2222222222222,60.0977198697068,34.5281862745098,49.5404411764706,50.0,9.0,89.46464357286,26.7676767676768,78.6821705426357,74.6666666666667,58.984375,,,71.0,,62.8099173553719,,
191,TPR.N,397500000.0,,2016-07-02,2024-01-19T00:00:00Z,55.7108555927248,100.0,,,,,,85.6,371.0,,,,69.6428571428571,48785.49,,68.625,95.3125,0.0,91.5,10.8610111759206,345367.508,75.0,33.3333333333333,59.8335854765507,33.7670648464164,48.1441979522184,50.0,9.0,,71.7213114754098,76.4900662251656,69.8863636363636,43.046357615894,,,69.0,,61.4583333333333,,
192,TPR.N,643400000.0,,2017-07-01,2024-01-19T00:00:00Z,61.5011771621367,100.0,,,,,,52.2,,,,,50.0,65352.51,7.16885791947954,68.7955182072829,94.6078431372549,0.0,92.8571428571429,14.5606376579106,,75.0,33.3333333333333,59.9315068493151,28.3482142857143,62.7918956043956,63.905,9.0,,69.1176470588235,70.0,73.7623762376238,95.4545454545455,,,70.0,,59.3939393939394,,
193,TPR.N,-652100000.0,,2018-06-30,2023-07-07T00:00:00Z,63.208068668521,100.0,,,,,,,,,7812.0,,54.4117647058824,58303.6,7.22390901360544,69.3321744169201,95.3389830508475,0.0,93.5897435897436,9.9155731292517,,75.0,40.0,78.6961583236321,27.8166666666667,55.15,100.0,10.0,12755.1020408163,69.9367088607595,79.3956043956044,70.6896551724138,99.7252747252747,,,76.0,,58.5164835164835,,
194,TPR.N,834200000.0,,2019-06-29,2023-07-21T00:00:00Z,71.3644975045205,100.0,,,,,,,,,7984.8,,55.0,57944.7,6.72461117286921,68.2957725732803,91.4383561643836,0.0,95.1612903225807,9.61402830548688,,75.0,33.3333333333333,78.9404553415061,64.8136349155782,50.0,100.0,9.0,3650.18002024191,65.5263157894737,80.9178743961353,66.2068965517241,99.7584541062802,60.0,,78.0,,56.280193236715,,
195,TPR.N,856300000.0,,2020-06-27,2024-09-12T00:00:00Z,68.1957460050273,100.0,,,,,,87.0,4199.73,,14198.4,,67.5,49819.0,7.80541943806184,71.0085546534562,97.3372781065089,0.0,96.2209302325581,10.0413189825452,,75.0,37.5,80.2473262032086,53.0380894800484,52.8264812575574,100.0,8.0,5643.56834764381,60.8173076923077,79.3181818181818,63.0434782608696,99.7727272727273,60.0,,78.0,,54.7727272727273,,
196,TPR.N,936000000.0,,,,,,,,,,,,,,,,,,,,,,,,,,,,,,,,,,,,,,,,,,,
197,TPR.N,816000000.0,,,,,,,,,,,,,,,,,,,,,,,,,,,,,,,,,,,,,,,,,,,
198,CBRE.N,484503000.0,,2013-12-31,2022-08-17T00:00:00Z,84.2707336000365,100.0,,,,,,,,,,,67.6470588235294,50623.0,,78.5790704002375,93.2926829268293,69.1176470588235,69.8863636363636,7.04585267162844,639554.4,75.0,10.0,91.6967509025271,95.4452405322416,82.0368474923234,100.0,10.0,,19.1666666666667,92.6356589147287,80.0,92.0,,,34.0,,79.9270072992701,,
199,CBRE.N,547132000.0,,2014-12-31,2023-05-12T00:00:00Z,75.9783922327002,100.0,,,,,,,,,,,,65259.0,,73.5343443847899,81.4606741573034,70.0,67.8571428571429,7.21100456379826,744048.0,75.0,10.0,92.3217550274223,61.4636642784033,86.5404298874104,100.0,10.0,,25.6756756756757,95.578231292517,62.9032258064516,95.1724137931034,,,35.0,,78.4313725490196,,
200,CBRE.N,573079000.0,,2015-12-31,2022-08-11T00:00:00Z,82.9076082064364,100.0,,,,,,,,,,,74.1379310344828,64877.0,,74.5747848210902,84.1836734693878,71.1538461538462,67.1428571428571,5.97624682082682,765425.0,75.0,9.09090909090909,89.0065146579804,81.8933823529412,84.0379901960784,100.0,11.0,973.303696361672,77.8409090909091,96.5408805031446,54.1666666666667,99.0566037735849,,,30.7,,76.123595505618,,
201,CBRE.N,697109000.0,,2016-12-31,2024-01-19T00:00:00Z,88.766905139889,100.0,,,,,,,,,,,70.6896551724138,93092.0,,81.9716905901116,89.9122807017544,69.3181818181818,82.0833333333333,5.35963044273776,1223752.0,80.0,20.0,90.0907715582451,96.1817406143345,97.3762798634812,100.0,10.0,535.171005903124,78.3783783783784,85.2601156069364,88.6792452830189,97.3988439306358,,,33.63,,70.3125,,
202,CBRE.N,1063219000.0,,2017-12-31,2024-01-19T00:00:00Z,89.2075361739566,100.0,,,,,,,,,,,68.75,71067.0,,82.6223491534694,89.3835616438356,70.7964601769911,83.2236842105263,3.8149021726428,930312.0,80.0,25.0,88.6986301369863,87.9292582417583,99.2616758241758,100.0,12.0,583.757117411885,84.4936708860759,93.1111111111111,97.3118279569892,98.0,31.41,82.65,33.63,,66.6666666666667,556160.0,6.952
203,CBRE.N,1282357000.0,,2018-12-31,2023-03-29T00:00:00Z,92.2925414938918,100.0,,,,,,,,,,,69.53125,70508.0,,87.1635095559731,88.0952380952381,98.3333333333333,79.1237113402062,3.30401636581817,938758.0,90.0,27.2727272727273,94.9941792782305,97.55,98.3166666666667,100.0,11.0,606.398202294199,85.1485148514851,89.0804597701149,96.6417910447761,97.8927203065134,32.8,81.38,33.7,,63.2183908045977,594000.0,6.6
204,CBRE.N,751989000.0,,2019-12-31,2023-09-01T00:00:00Z,89.882728457571,100.0,,,,,,,,12576.3841490344,15662.0,,0.53763440860215,86790.0,,84.9437585894553,78.4584980237154,98.1770833333333,83.0078125,3.63227879227546,1245350.0,75.0,27.2727272727273,95.183887915937,97.467346288627,96.8620579802485,100.0,11.0,594.687029525417,74.6323529411765,82.601880877743,95.1351351351351,97.6489028213166,33.1,85.33,33.6,,60.0313479623824,800000.0,8.0
205,CBRE.N,1836574000.0,,2020-12-31,2024-09-12T00:00:00Z,86.2357021099501,100.0,,,,,,,,17651.0033777071,21321.0,,1.32743362831859,83023.0,,83.9421486538502,76.2295081967213,98.0769230769231,82.6599326599327,3.48452616962129,1207920.0,75.0,25.0,95.2874331550802,87.6511487303507,96.8712212817412,100.0,12.0,827.405047259959,70.3761755485893,77.7027027027027,94.0265486725664,96.0810810810811,32.2,84.52,33.2,,58.3783783783784,990000.0,9.9
206,CBRE.N,1407370000.0,,2021-12-31,2024-09-11T00:00:00Z,85.2247895096275,100.0,,,,,,,,21166.2849012623,20976.0,,2.34899328859061,66098.0,,81.1366867378088,72.3433242506812,96.9534050179211,80.1351351351351,2.38225329777265,991010.0,75.0,30.0,95.0448075909331,94.6402773764808,99.0031782721757,100.0,10.0,,65.7407407407407,72.8409090909091,93.0976430976431,88.9772727272727,32.9,85.32,33.5,,56.9318181818182,945000.0,9.0
207,CBRE.N,986000000.0,,,,,,,,,,,,,,,,,,,,,,,,,,,,,,,,,,,,,,,,,,,
208,CINF.OQ,525000000.0,,2013-12-31,2022-08-17T00:00:00Z,46.1075685248476,100.0,,,,,,,,,,,,38744.5,,33.178438117933,33.0097087378641,0.0,37.2448979591837,,,92.0,12.5,40.884476534296,92.5793244626407,50.7164790174002,83.73,16.0,,32.3529411764706,39.261744966443,0.0,30.7432432432432,,,,,60.8552631578947,,
209,CINF.OQ,634000000.0,,2014-12-31,2023-05-12T00:00:00Z,45.6248280551298,100.0,,,,,,,,,,,,41215.0,,60.4937022042285,43.0555555555556,8.03571428571429,61.0576923076923,,,91.0,13.3333333333333,39.0310786106033,93.2958034800409,20.2149437052201,83.05,15.0,,35.0393700787402,14.8026315789474,0.0,57.8947368421053,,,,,59.0909090909091,,
210,CINF.OQ,591000000.0,,2015-12-31,2022-08-11T00:00:00Z,50.4662484461169,100.0,,,,,,,,,,,,42930.9,,59.8372758574431,39.5454545454545,4.31034482758621,57.0093457943925,,,100.0,13.3333333333333,40.4723127035831,98.9889705882353,10.6924019607843,83.89,15.0,,37.7483443708609,23.0994152046784,0.0,80.4093567251462,,,,,57.8488372093023,,
211,CINF.OQ,1045000000.0,,2016-12-31,2024-01-19T00:00:00Z,49.5734286289844,100.0,,,,,,,,,,,,34171.0,,62.604800540906,54.0441176470588,3.07692307692308,52.0833333333333,6.27105890989172,,92.0,13.3333333333333,39.7881996974281,82.8711604095563,14.4837883959044,85.814,15.0,,38.031914893617,40.64039408867,0.0,83.2512315270936,,,48.0,,58.578431372549,,
212,CINF.OQ,287000000.0,,2017-12-31,2024-01-19T00:00:00Z,51.9025268321784,100.0,,,,,,,,,,,,33753.0,,58.5404980650584,50.9868421052632,2.5,51.5748031496063,5.88852058618283,,100.0,14.2857142857143,41.3013698630137,85.0446428571429,29.7218406593407,84.839,14.0,,37.0558375634518,47.6525821596244,0.0,80.7511737089202,,,48.0,,58.9201877934272,,
213,CINF.OQ,1997000000.0,,2018-12-31,2023-07-07T00:00:00Z,50.1167937561123,100.0,,,,,,,,,,,,32497.0,,54.9018419672864,49.0740740740741,2.77777777777778,46.4028776978417,6.01017199926022,,93.0,14.2857142857143,39.4062863795111,83.25,27.65,93.453,14.0,,36.7149758454106,43.0875576036866,0.0,79.4930875576037,,98.7,48.0,,57.8341013824885,,
214,CINF.OQ,1216000000.0,,2019-12-31,2023-07-28T00:00:00Z,50.8613294071851,100.0,,,,,,,,,,,,30970.0,,53.6946799913153,44.53125,3.30188679245283,50.2906976744186,3.90837960625947,,91.0,18.75,36.9089316987741,78.9264096846129,26.2981841350749,66.709,16.0,,35.7142857142857,57.8838174273859,0.0,79.8755186721992,,99.0,48.0,,57.2614107883817,,
215,CINF.OQ,2968000000.0,,2020-12-31,2023-07-07T00:00:00Z,53.3443376312144,97.5609756097561,,,,,,,,,,,,24408.0,,52.2396231219761,45.4761904761905,3.41880341880342,48.6631016042781,3.23885350318471,,96.0,26.6666666666667,37.2660427807487,79.4286577992745,35.1118500604595,73.832,15.0,,34.1666666666667,72.3529411764706,0.0,77.4509803921569,,99.0,48.0,,56.4705882352941,,
216,CINF.OQ,-487000000.0,,2021-12-31,2024-09-11T00:00:00Z,50.2528069921733,100.0,,,,,,,,,,,,24154.0,,52.4107294480115,45.6611570247934,6.38297872340426,52.0089285714286,2.50820353063344,,93.0,28.5714285714286,36.8476541908276,76.0907252239237,33.3285177694308,61.547,14.0,,32.9044117647059,58.7328767123288,0.0,75.6849315068493,,98.5,47.0,,55.3082191780822,,
217,CINF.OQ,1843000000.0,,,,,,,,,,,,,,,,,,,,,,,,,,,,,,,,,,,,,,,,,,,
218,WMB.N,2114000000.0,,2013-12-31,2022-08-17T00:00:00Z,50.6566272556722,65.625,,,,,,,,,,16000000.0,,19641600.0,,42.9347527472527,45.3846153846154,0.0,55.46875,,,75.0,36.3636363636364,20.7581227436823,99.4370522006141,65.5578300921187,,11.0,,0.0,65.4255319148936,0.0,70.1086956521739,,,,,64.5348837209302,,
219,WMB.N,-571000000.0,,2014-12-31,2022-08-10T00:00:00Z,56.4661147848503,28.125,,,,,,,,,,11000000.0,,24116000.0,,50.5835010060362,66.9014084507042,0.0,50.0,,,75.0,30.7692307692308,19.1956124314442,92.6816786079836,95.1381780962129,,13.0,,19.2771084337349,90.2061855670103,0.0,63.5416666666667,28.0,,25.0,,63.4831460674157,55000.0,11.0
220,WMB.N,-424000000.0,,2015-12-31,2022-08-10T00:00:00Z,57.7094836634253,100.0,,,,,,,,,,7000000.0,,23383200.0,,49.2348686714884,61.4864864864865,0.0,52.8169014084507,,,75.0,30.7692307692308,17.9153094462541,98.0085784313726,88.6948529411765,,13.0,1660.32608695652,23.1578947368421,90.0,0.0,73.8095238095238,24.0,,24.0,,61.5,111000.0,17.0
221,WMB.N,2174000000.0,,2016-12-31,2024-01-19T00:00:00Z,55.0465533831878,81.25,1.0,,,,,,,,,6000000.0,,13300000.0,,50.3942133815551,68.9873417721519,0.0,47.1428571428571,1773.56980930791,,75.0,18.1818181818182,15.5824508320726,80.8660409556314,95.3711604095563,,11.0,1545.53940525403,23.9795918367347,84.2342342342342,0.0,78.8288288288288,24.0,,22.0,,60.0,114000.0,20.0
222,WMB.N,-155000000.0,,2017-12-31,2024-01-19T00:00:00Z,51.8171272039405,100.0,,,,,,,,,,6000000.0,,12270000.0,,52.1268037052072,71.9387755102041,0.0,48.1012658227848,1527.82966006724,,75.0,18.1818181818182,15.1369863013699,58.7396978021978,94.4196428571429,,11.0,1364.71174199975,23.9130434782609,83.3333333333333,0.0,84.1085271317829,15.0,,21.0,,58.9147286821705,182000.0,33.0
223,WMB.N,850000000.0,,2018-12-31,2023-12-29T00:00:00Z,64.3395621048308,90.0,1.0,,,,,,,,1055275.2,4000000.0,,11890000.0,,73.6944577161968,93.4782608695652,0.0,77.4038461538462,1368.86944508404,7934400.0,75.0,25.0,68.9173457508731,72.15,86.3166666666667,100.0,12.0,1246.83398572415,24.1935483870968,83.8129496402878,9.21052631578947,84.5323741007194,16.0,,21.0,,57.5539568345324,172000.0,32.0
224,WMB.N,211000000.0,,2019-12-31,2024-09-12T00:00:00Z,75.5682345647293,90.0,1.0,,,,,,,,,6000000.0,,12680000.0,7.27448628216071,75.451199563795,91.2213740458015,0.0,84.375,1546.15290818193,171280396.8,75.0,25.0,83.8879159369527,93.166613571201,67.5215036635871,100.0,12.0,1287.64784782344,22.3880597014925,92.8571428571429,45.6521739130435,94.2176870748299,16.0,,20.0,,54.421768707483,175000.0,37.0
225,WMB.N,1517000000.0,,2020-12-31,2024-09-12T00:00:00Z,72.9504965329102,97.2222222222222,1.0,,,,,,,,1478260.8,3000000.0,,11930000.0,6.96860681435419,77.1000347584289,92.3333333333333,0.0,87.2262773722628,1545.5369866563,169537464.0,100.0,25.0,84.75935828877,96.3875453446191,67.3972188633616,100.0,12.0,1466.51120611478,22.5165562913907,92.3780487804878,30.0884955752212,78.9634146341463,18.0,,21.0,,53.3536585365854,174000.0,37.0
226,WMB.N,2049000000.0,,2021-12-31,2024-09-11T00:00:00Z,73.5855678298167,68.1818181818182,,,,,,,,,1821448.8,5000000.0,21.4285714285714,11920000.0,2.81403397007622,79.8625034071292,92.9775280898876,0.0,93.3962264150943,1121.67121483015,170622633.6,75.0,25.0,85.2134949920928,87.4169315226813,70.4276220745449,100.0,12.0,1206.36115554719,21.7514124293785,93.3155080213904,29.1666666666667,92.7807486631016,20.95,,22.0,,52.6737967914438,232000.0,48.0
227,WMB.N,3179000000.0,,,,,,,,,,,,,,,,,,,,,,,,,,,,,,,,,,,,,,,,,,,
228,EA.OQ,875000000.0,,2014-03-31,2023-10-11T00:00:00Z,30.4042663617705,20.3125,,,,,,,,,,,,36734.6,,25.7958667430317,34.8958333333333,0.0,54.1237113402062,,,,11.1111111111111,0.0,12.5383828045036,55.9365404298874,,9.0,,25.7352941176471,61.5151515151515,0.0,68.7116564417178,,,,,65.2941176470588,,
229,EA.OQ,1156000000.0,,2015-03-31,2023-10-11T00:00:00Z,36.8786759707375,68.75,,,,,,,,,,,,40763.2,,31.9492337164751,44.3965517241379,0.0,66.25,,,,11.1111111111111,0.0,23.9889705882353,60.0796568627451,,9.0,,32.9383886255924,77.6639344262295,0.0,67.2131147540984,,,,,62.6984126984127,,
230,EA.OQ,967000000.0,,2016-03-31,2024-01-19T00:00:00Z,49.7515214030163,100.0,,,,,,,,,,,,46353.8,,32.4884707618521,49.6153846153846,0.0,64.3884892086331,,,86.0,11.1111111111111,0.0,64.6544368600683,56.5059726962457,,9.0,,34.7985347985348,82.5732899022801,0.0,67.4267100977199,,,,,61.7924528301887,,
231,EA.OQ,1043000000.0,,2017-03-31,2024-01-19T00:00:00Z,55.1837777969386,88.4615384615385,,,,,,,,,,,,48076.5,,32.2302791516472,48.6754966887417,0.0,64.2405063291139,,,89.0,20.0,0.0,78.8976648351648,63.7534340659341,,10.0,,35.8006042296073,81.266149870801,0.0,69.8966408268734,,,,,63.1782945736434,,
232,EA.OQ,1019000000.0,,2018-03-31,2023-10-11T00:00:00Z,51.5960582712643,100.0,,,,,,,,,,,,33887.5,,34.7307766006953,52.020202020202,0.0,69.5121951219512,,,80.0,27.2727272727273,0.0,65.4166666666667,65.05,,11.0,,35.9493670886076,79.9773755656109,0.0,71.0407239819005,,,,,60.2941176470588,,
233,EA.OQ,3039000000.0,,2019-03-31,2024-09-12T00:00:00Z,54.642332526424,100.0,,,,,,,,,,,,27049.9,,36.1335045438826,55.4964539007092,0.0,71.4028776978417,,,79.0,22.2222222222222,0.0,72.0770946161198,60.4810449187639,,9.0,252.525252525253,35.181236673774,73.3269598470363,0.0,82.5047801147227,,,,,60.3250478011472,,
234,EA.OQ,837000000.0,,2020-03-31,2024-06-14T00:00:00Z,48.8968065173787,44.1666666666667,,,,,,74.0,,,,,,15353.3,45.0883149720065,37.8283449007133,56.1298076923077,0.0,76.0651629072682,,,86.0,22.2222222222222,22.6604278074866,52.7962515114873,45.2388149939541,100.0,9.0,,34.5092024539877,84.5307917888563,19.8879551820728,69.8680351906158,,,23.9,,57.6246334310851,,
235,EA.OQ,789000000.0,,2021-03-31,2024-09-11T00:00:00Z,56.5271313296391,100.0,,,,,,,,,,,,41125.7,24.0072168218156,38.0188577793141,45.1818181818182,0.0,83.93536121673,,342116.0,86.0,22.2222222222222,22.6146547179758,54.0739670615429,80.6269864201098,100.0,9.0,1421.2115828744,34.2704149933066,88.2314694408322,55.531453362256,79.6488946684005,22.3,100.0,24.5,,56.371911573472,160000.0,14.55
236,EA.OQ,802000000.0,,2022-03-31,2024-09-10T00:00:00Z,72.0031575006581,55.3571428571429,,,,,,,,130000.0,51025.0,,,31900.0,33.2999570876842,43.6819183177815,70.782208588957,0.0,83.8576158940397,4.56300958375054,392500.0,90.0,33.3333333333333,50.8219821512447,84.5884658454647,75.1819708846585,100.0,9.0,1358.89000143041,33.8528678304239,84.2648845686513,86.7592592592593,95.4434993924666,24.7,100.0,25.5,,56.0753341433779,173000.0,13.41
237,EA.OQ,1273000000.0,,,,,,,,,,,,,,,,,,,,,,,,,,,,,,,,,,,,,,,,,,,
238,TMUS.OQ,247000000.0,,2013-12-31,2022-07-28T00:00:00Z,34.7604618885955,90.2173913043478,,,,,,,,,,,,885398.0,,5.73122529644268,0.0,18.8311688311688,0.0,,,75.0,9.09090909090909,0.0,67.1954964176049,31.8833162743091,,11.0,,9.82905982905983,21.9230769230769,62.3287671232877,74.6153846153846,,,,,60.9848484848485,,
239,TMUS.OQ,733000000.0,,2014-12-31,2022-08-10T00:00:00Z,35.3853330620434,100.0,,,,,,,,,,,,1251310.0,,5.38176033934251,0.0,17.6829268292683,0.0,,,75.0,9.09090909090909,0.0,82.7533265097236,19.7031729785056,,11.0,,10.8,21.2686567164179,54.4303797468354,70.5223880597015,,,,,61.0294117647059,,
240,TMUS.OQ,1460000000.0,,2015-12-31,2022-08-11T00:00:00Z,32.7708310718163,100.0,,,,,,,,,,,,1552530.0,,5.50026191723414,0.0,18.0722891566265,0.0,,,75.0,9.09090909090909,0.0,54.2585784313726,23.3762254901961,,11.0,,14.5038167938931,32.5,55.3571428571429,69.6428571428571,,,43.0,,59.1549295774648,,
241,TMUS.OQ,4536000000.0,,2016-12-31,2024-01-19T00:00:00Z,40.4920490972655,75.0,,,,,2.0,53.383,8662.0,,,,11.8181818181818,1145477.0,8.56417711389704,28.1934690549462,21.9827586206897,14.8809523809524,46.0526315789474,30.5542011202988,8706189.6,75.0,9.09090909090909,0.0,62.6493174061433,18.707337883959,,11.0,82.279754601227,14.8936170212766,34.3137254901961,59.8837209302326,80.0653594771242,,,42.0,,58.974358974359,,
242,TMUS.OQ,2888000000.0,,2017-12-31,2024-01-19T00:00:00Z,41.3180861832143,73.6111111111111,,,,,,49.703,10096.0,14088.0978866973,144025.2,,13.4920634920635,1145000.0,9.56073293271599,35.3547045551558,29.2,14.1304347826087,60.0806451612903,28.199192197813,10223182.8,75.0,9.09090909090909,0.0,50.5322802197802,34.0831043956044,,11.0,276.166756969757,17.4050632911392,42.3076923076923,50.0,86.6863905325444,,,42.0,,59.4674556213018,,
243,TMUS.OQ,3468000000.0,,2018-12-31,2024-09-12T00:00:00Z,41.9899714803555,25.6410256410256,,,,,,60.76673,10147.0,179975.046787274,2077200.0,,20.4225352112676,1279127.0,9.18399907642577,64.4682757911361,42.910447761194,62.8865979381443,87.410071942446,29.5342184253059,11541600.0,75.0,8.33333333333333,0.0,38.8833333333333,14.1833333333333,,12.0,327.775640729624,18.6746987951807,37.2159090909091,41.5966386554622,81.5340909090909,,,42.0,,58.2386363636364,,
244,TMUS.OQ,3064000000.0,,2019-12-31,2024-09-12T00:00:00Z,41.111490095142,1.25,,,,,,61.63353,9305.0,179405.712686619,4255858.8,,8.82352941176471,2725060.0,22.8195030890262,67.9705234915179,56.5068493150685,62.1359223300971,84.5394736842105,60.5596470954265,23721980.4,75.0,8.33333333333333,46.8476357267951,24.4186046511628,7.94839120739089,100.0,12.0,387.84348193253,18.0,34.8648648648649,42.910447761194,80.2702702702703,,,42.0,,54.5945945945946,,
245,TMUS.OQ,3024000000.0,,2020-12-31,2024-09-12T00:00:00Z,59.3604638515355,97.6744186046512,,,,,,67.66957,24356.0,244770.4747292,6308125.2,,29.5698924731183,2808976.0,15.8875681681945,71.4465867170003,67.3780487804878,60.8108108108108,84.8214285714286,41.0687018436481,25771593.6,75.0,14.2857142857143,77.2393048128342,15.8857315598549,19.3923821039903,100.0,14.0,13441.6678655497,62.1621621621622,67.7835051546392,72.7586206896552,95.6185567010309,35.8,,40.6,4.392,54.1237113402062,3700000.0,49.33333
246,TMUS.OQ,2590000000.0,,2021-12-31,2024-09-11T00:00:00Z,59.3090670543642,6.57894736842105,,,,,,69.09047,40606.18,972308.416276427,28101877.2,,36.5,2964080.0,13.1628722634115,79.7577327879401,75.2906976744186,62.0535714285714,99.7159090909091,36.9964053021793,28902225.6,75.0,26.6666666666667,85.2134949920928,19.199653279399,28.243282288356,100.0,15.0,23621.822424424,45.7894736842105,63.5204081632653,75.4716981132076,93.6224489795918,35.8,,40.9,5.71067,53.3163265306123,5400000.0,72.0
247,TMUS.OQ,8317000000.0,,,,,,,,,,,,,,,,,,,,,,,,,,,,,,,,,,,,,,,,,,,
248,CB.N,2853000000.0,,2013-12-31,2022-08-17T00:00:00Z,39.5553342117087,100.0,,,,,,,,,,,52.8846153846154,54449.0,,57.9695958659739,55.8252427184466,7.40740740740741,34.6938775510204,2.82367888813981,,75.0,8.33333333333333,44.3548387096774,66.875,19.375,100.0,12.0,207.436602188456,32.3529411764706,43.2885906040268,0.0,37.5,,,,,60.8552631578947,,
249,CB.N,2834000000.0,,2014-12-31,2023-05-12T00:00:00Z,38.0903986203531,100.0,,,,,,,,,,,59.0909090909091,58218.0,,60.1981181586445,68.9814814814815,8.03571428571429,33.6538461538462,3.02604085451427,,75.0,14.2857142857143,42.6229508196721,64.7435897435898,12.1794871794872,100.0,14.0,,35.0393700787402,37.828947368421,0.0,36.8421052631579,,,,,59.0909090909091,,
250,CB.N,4135000000.0,,2015-12-31,2022-08-11T00:00:00Z,37.5943379640365,100.0,,,,,,,5000.0,,,,59.8360655737705,55948.0,17.8379496308707,65.2986182533649,82.2727272727273,4.31034482758621,41.588785046729,2.92936802973978,885045.6,75.0,14.2857142857143,16.1016949152542,60.3896103896104,7.14285714285714,100.0,14.0,387.454840567569,37.7483443708609,40.0584795321637,0.0,48.8304093567251,,,,,57.8488372093023,,
251,CB.N,3861000000.0,,2016-12-31,2024-01-19T00:00:00Z,49.1367421218028,100.0,,,,,,,5100.0,,,,62.8787878787879,97024.0,10.7907956417078,74.2074760938858,85.6617647058823,39.2307692307692,43.75,3.07310274927151,918583.2,75.0,17.6470588235294,36.8852459016393,70.3947368421053,4.60526315789474,100.0,17.0,221.715444064361,38.031914893617,46.0591133004926,8.46153846153846,74.6305418719212,,,,,58.578431372549,,
252,CB.N,3962000000.0,,2017-12-31,2024-01-19T00:00:00Z,49.6398454009146,100.0,,,,,,,4600.0,39668.7351134512,36453.6,,60.4166666666667,83272.0,10.6687623885035,72.8717904192665,85.1973684210526,39.375,46.0629921259842,2.57903865213082,918950.4,75.0,18.75,41.044776119403,75.625,5.625,100.0,16.0,185.827552031715,37.0558375634518,44.8356807511737,4.49438202247191,69.7183098591549,,,,,58.9201877934272,,
253,CB.N,4454000000.0,,2018-12-31,2023-11-24T00:00:00Z,51.9372241480834,81.25,,,1.0,,,,4100.0,43220.9029456061,35539.2,,72.9885057471264,73238.0,10.6818043093451,69.7817271016776,84.8765432098765,35.0,43.5251798561151,2.23518281145089,822268.8,75.0,20.0,47.3958333333333,86.4341085271318,4.26356589147287,100.0,15.0,255.203320515168,36.7149758454106,40.7834101382488,4.28571428571429,71.6589861751152,,,,,57.8341013824885,,
254,CB.N,3533000000.0,,2019-12-31,2023-03-29T00:00:00Z,50.8807448745156,100.0,,,,,,,4300.0,,,,60.8108108108108,70625.0,10.6003971498657,66.5030889140854,80.9895833333333,33.9622641509434,38.6627906976744,2.06240509286298,,75.0,21.4285714285714,48.6363636363636,82.4503311258278,4.96688741721854,100.0,14.0,271.052096717673,35.7142857142857,32.9875518672199,24.6212121212121,70.3319502074689,,,,,57.2614107883817,,
255,CB.N,8525000000.0,,2020-12-31,2023-12-13T00:00:00Z,48.919178806023,40.2439024390244,,,,,,,1050.0,,,,80.7692307692308,55140.0,2.44485191976441,68.2431881843647,88.8095238095238,32.9059829059829,43.5828877005348,1.53192198699783,,75.0,21.4285714285714,64.5985401459854,84.25,5.75,100.0,14.0,,34.1666666666667,24.1176470588235,29.7385620915033,51.1764705882353,,,,,56.4705882352941,,
256,CB.N,5246000000.0,,2021-12-31,2024-10-25T00:00:00Z,48.7246381503182,64.1025641025641,,,,,,,,,,,52.0491803278688,51273.0,,64.6282558506251,78.3057851239669,38.6524822695035,33.7053571428571,1.25456947808853,,75.0,23.0769230769231,61.2582781456954,81.219512195122,6.09756097560976,100.0,13.0,,32.9044117647059,32.0205479452055,27.7777777777778,51.027397260274,,,,,55.3082191780822,,
257,CB.N,9028000000.0,,,,,,,,,,,,,,,,,,,,,,,,,,,,,,,,,,,,,,,,,,,
258,TXN.OQ,2821000000.0,,2013-12-31,2023-04-07T00:00:00Z,87.9233844692416,100.0,,,,,,92.3,32344.0,,,53800000.0,,2326888.0,1558.57213191315,98.5103832428319,96.6216216216216,99.3150684931507,99.375,190.65038918476,11289142.0,100.0,36.3636363636364,69.7653429602888,89.3039918116684,24.7185261003071,100.0,11.0,2399.73699303564,93.6046511627907,97.2826086956522,77.8688524590164,93.8888888888889,,,37.12,,67.2222222222222,1036800.0,32.4
259,TXN.OQ,2986000000.0,,2014-12-31,2023-05-12T00:00:00Z,83.5958679854324,100.0,,,,,,89.638,32599.0,,,48100000.0,,2399183.0,1461.57509367574,98.5458059150293,96.7105263157895,99.3243243243243,99.390243902439,183.915906477578,10761612.0,97.0,36.3636363636364,59.7806215722121,54.2988741044012,32.1903787103378,12.0,11.0,2171.10172479877,92.6966292134831,95.1612903225807,89.2307692307693,96.195652173913,,,38.54,,64.2857142857143,979694.8,31.6
260,TXN.OQ,3595000000.0,,2015-12-31,2023-04-07T00:00:00Z,84.7941034473392,100.0,,,,,,85.109,33437.0,,,47100000.0,,2408435.0,1412.24911538462,97.8432653903044,95.5696202531646,99.3055555555556,98.2558139534884,185.264230769231,10625201.182,84.0,41.6666666666667,57.8175895765472,66.8811274509804,30.6066176470588,12.0,12.0,2314.31792307692,94.6808510638298,94.5,84.4594594594595,96.5,,,38.009,,60.9375,980247.9,32.7
261,TXN.OQ,3682000000.0,,2016-12-31,2024-07-19T00:00:00Z,86.967322064406,100.0,,,,,,84.251,32130.0,,,45700000.0,,2396160.0,1317.38967838444,96.8261913842577,94.0217391304348,99.3421052631579,96.4285714285714,179.219147344802,10264800.0,97.0,41.6666666666667,57.8668683812405,78.9889078498293,31.3353242320819,13.0,12.0,2412.14659685864,94.5454545454545,93.4782608695652,88.1720430107527,95.2173913043478,,,37.5322,,58.6363636363636,997491.0,33.4
262,TXN.OQ,5580000000.0,,2017-12-31,2024-07-19T00:00:00Z,84.5300087150869,100.0,,,,,,89.951,36720.0,83900.0588797405,869213.0,,,2418410.0,1170.20921061426,97.2726203194953,94.2708333333333,99.3589743589744,97.6190476190476,161.647617137892,10360100.0,96.0,30.7692307692308,58.3561643835616,62.2081043956044,36.040521978022,13.0,13.0,2519.83156206136,95.8677685950413,94.1860465116279,86.7021276595745,96.5116279069768,,,37.3831,,58.9147286821705,1087530.0,36.6
263,TXN.OQ,5017000000.0,,2018-12-31,2024-09-12T00:00:00Z,86.3326036187328,100.0,,,,,,89.648,37190.0,125786.780848939,1335781.924,,,2283470.0,1150.20440699442,95.757252007252,93.1818181818182,95.4545454545455,98.7179487179487,144.669982260517,10619414.17838,97.0,40.0,59.720605355064,74.8833333333333,35.45,14.0,10.0,2493.08863405981,95.5223880597015,93.1159420289855,87.0535714285714,98.1884057971015,,100.0,37.28252,,56.5217391304348,926528.0,31.0
264,TXN.OQ,5595000000.0,,2019-12-31,2024-09-12T00:00:00Z,90.441900903729,100.0,,,,,,90.076,37080.0,145200.000015544,1519448.27,,,2070250.0,1228.02774525481,98.0748762885386,99.6350364963504,96.1904761904762,98.9130434782609,143.93714802197,10464519.76472,100.0,40.0,62.0402802101576,92.9436126154826,43.2781140490602,12.0,10.0,2833.90113328235,94.0789473684211,94.311377245509,87.1212121212121,95.5089820359281,22.8,100.0,37.176,,58.3832335329341,880245.3,30.3
265,TXN.OQ,7769000000.0,,2020-12-31,2024-09-12T00:00:00Z,85.1581353790372,100.0,,,,,,89.91,42220.0,150151.257825579,1607612.4,,,2133620.0,1283.45204342715,97.6049830738354,99.6932515337423,95.2586206896552,98.5029940119761,147.54283936104,10706619.6,99.0,36.3636363636364,84.75935828877,61.139661426844,44.0598548972189,100.0,11.0,2517.11499896273,93.4659090909091,91.3157894736842,84.0909090909091,99.7368421052632,,100.0,,,57.8947368421053,900000.0,30.0
266,TXN.OQ,8749000000.0,,2021-12-31,2024-10-25T00:00:00Z,79.2469766155259,100.0,,,,,,89.63416,43817.0,159316.236740598,1827100.8,,,2302780.0,1112.73440907109,97.8747706627288,99.738219895288,95.7692307692308,98.6910994764398,125.533035324902,11468390.4,99.0,33.3333333333333,85.2134949920928,35.7266685928922,47.081768275065,100.0,12.0,3325.33798517226,82.0,91.1483253588517,79.2134831460674,99.7607655502392,,100.0,36.7,,55.2631578947369,1150100.0,37.1
267,TXN.OQ,6510000000.0,,,,,,,,,,,,,,,,,,,,,,,,,,,,,,,,,,,,,,,,,,,
268,MDLZ.OQ,2184000000.0,,2013-12-31,2022-08-17T00:00:00Z,78.1219746375344,28.5714285714286,,,1.0,,1.0,90.0,,,,,14.5161290322581,2068210.0,,78.1603359224327,76.1261261261261,57.258064516129,84.375,58.5911782203462,26560184.4,82.0,27.2727272727273,40.884476534296,90.7369498464688,59.4165813715456,100.0,11.0,,97.5806451612903,75.5639097744361,76.4285714285714,54.6153846153846,,,,,69.1176470588235,,
269,MDLZ.OQ,7267000000.0,,2014-12-31,2023-05-12T00:00:00Z,75.6235409301733,73.0769230769231,,,,1.0,,,,,,,9.61538461538461,1827194.0,,81.1081672742832,76.0869565217391,60.4838709677419,90.2542372881356,53.358077327415,40789184.4,75.0,23.0769230769231,57.8610603290676,62.2824974411464,75.3838280450358,100.0,13.0,,99.609375,65.0735294117647,62.987012987013,85.5555555555556,,,,,69.4244604316547,,
270,MDLZ.OQ,1635000000.0,,2015-12-31,2022-08-11T00:00:00Z,71.5817014077135,76.0869565217391,,,,,,,,,,,16.6666666666667,1690650.0,607.673100283439,87.2925974488474,83.4615384615385,63.28125,95.9259259259259,57.047172357943,21724837.2,75.0,25.0,55.8631921824104,31.4031862745098,78.7683823529412,100.0,12.0,,93.5064935064935,70.9580838323353,61.5789473684211,83.2335329341317,,,,,66.0714285714286,,
271,MDLZ.OQ,2828000000.0,,2016-12-31,2024-01-19T00:00:00Z,70.4127535356139,19.6428571428571,,,1.0,,1.0,,,,,,21.7948717948718,1698099.0,667.361030744898,87.5094145975605,82.6241134751773,92.0,91.4965986394558,65.5054970489527,21535354.8,,30.7692307692308,77.0801815431165,36.070819112628,76.0452218430034,100.0,13.0,,92.4418604651163,69.6236559139785,59.2920353982301,59.4086021505376,,,,,62.7659574468085,,
272,MDLZ.OQ,3317000000.0,,2017-12-31,2024-01-19T00:00:00Z,70.0731962000241,21.4285714285714,,,1.0,,,,353679.0,,,,24.4186046511628,1631243.0,612.449799196787,86.9272730868932,84.9693251533742,90.6976744186047,88.109756097561,62.9920837194934,18277736.4,,23.0769230769231,74.9315068493151,21.823489010989,82.5034340659341,100.0,13.0,,92.4479166666667,86.7788461538462,60.6299212598425,59.6153846153846,35.0,93.3,,,61.7788461538462,,
273,MDLZ.OQ,3929000000.0,,2018-12-31,2023-07-07T00:00:00Z,69.5288807137459,100.0,,,,,,,363050.0,,,,19.8275862068966,1715882.0,591.178965224767,85.7895123029302,83.9712918660287,87.8378378378378,87.1980676328502,66.1532115043565,17904600.0,,23.0769230769231,74.2142025611176,23.5166666666667,86.5833333333333,100.0,13.0,,93.2735426008969,80.7851239669421,61.0119047619048,57.2314049586777,35.0,91.0,,,60.3305785123967,,
274,MDLZ.OQ,3555000000.0,,2019-12-31,2024-09-12T00:00:00Z,78.3494684613959,73.6111111111111,,,1.0,,,,325955.0,35589.2362600831,639950.4,,20.1298701298701,1795191.0,563.08953146745,89.2485123299077,84.3023255813953,88.2142857142857,94.4015444015444,69.3981366939848,17981571.6,,23.0769230769231,92.8196147110333,29.2609111181905,84.1828607836891,100.0,13.0,2706.04608009896,92.910447761194,85.9861591695502,81.0096153846154,95.6747404844291,37.0,93.9,,,60.3806228373702,,
275,MDLZ.OQ,4300000000.0,,2020-12-31,2024-09-12T00:00:00Z,75.8153093724217,22.3684210526316,,,,,,,284554.0,99974.4621834795,1891299.6,,23.0392156862745,1613495.0,557.164892216245,88.2039583167112,82.4590163934426,86.8263473053892,94.2244224422442,60.7010646702532,18917827.2,,25.0,76.0026737967914,15.2509068923821,87.3488512696493,100.0,12.0,3498.7397012904,92.8802588996764,90.3273809523809,82.520325203252,95.3731343283582,38.0,94.4,,,58.7797619047619,,
276,MDLZ.OQ,2717000000.0,,2021-12-31,2024-09-11T00:00:00Z,79.5602092080005,15.0,,,1.0,1.0,,,275203.0,133559.469851185,2542665.6,,26.2962962962963,1536110.0,500.626740947075,87.2658910807305,79.4034090909091,84.6774193548387,95.6460674157303,53.4856197771588,19037703.6,,25.0,76.1992619926199,36.0156024270442,84.5564865645767,100.0,12.0,1740.94707520891,92.7170868347339,95.9424083769634,82.4414715719064,94.8818897637795,39.0,97.3,,,56.151832460733,,
277,MDLZ.OQ,4959000000.0,,,,,,,,,,,,,,,,,,,,,,,,,,,,,,,,,,,,,,,,,,,
278,BRO.N,206896000.0,,2013-12-31,2022-08-17T00:00:00Z,43.4777137399978,100.0,,,,,,,,,,,,7076.03,,19.1275167785235,0.0,0.0,0.0,,,75.0,16.6666666666667,0.0,56.4483111566018,97.1340839303992,,12.0,,84.8739495798319,34.5637583892617,0.0,48.9864864864865,,,,,0.0,,
279,BRO.N,243318000.0,,2014-12-31,2022-08-10T00:00:00Z,40.7376738122275,100.0,,,,,,,,,,,,8472.8,,18.9473684210526,0.0,0.0,0.0,,,75.0,16.6666666666667,0.0,48.157625383828,97.1340839303992,,12.0,,89.3700787401575,34.5394736842105,0.0,41.4473684210526,,,,,0.0,,
280,BRO.N,257491000.0,,2015-12-31,2022-08-11T00:00:00Z,37.388819500923,100.0,,,,,,,,,,,,8709.33,,19.8245614035088,0.0,0.0,0.0,,,75.0,16.6666666666667,0.0,59.2830882352941,96.6605392156863,,12.0,,37.7483443708609,31.8713450292398,0.0,38.5964912280702,,,,,0.0,,
281,BRO.N,399630000.0,,2016-12-31,2024-01-19T00:00:00Z,38.5981891934206,100.0,,,,,,,,,,,,8944.85,,20.3940886699507,0.0,0.0,0.0,,,100.0,16.6666666666667,0.0,62.3506825938567,95.6484641638225,,12.0,,38.031914893617,35.7142857142857,0.0,37.6847290640394,,,,,0.0,,
282,BRO.N,344255000.0,,2017-12-31,2024-01-19T00:00:00Z,41.4853854896484,16.6666666666667,,,,,,,,,,,,7968.42,,18.7323943661972,0.0,0.0,0.0,,,100.0,16.6666666666667,0.0,78.6229395604396,95.0721153846154,,12.0,,37.0558375634518,26.5258215962441,0.0,38.0281690140845,,,,,0.0,,
283,BRO.N,398514000.0,,2018-12-31,2023-03-29T00:00:00Z,45.6942794511603,100.0,,,,,,,,,,,,8370.44,,17.5576036866359,0.0,0.0,0.0,,,100.0,14.2857142857143,0.0,82.55,95.1,,14.0,,36.7149758454106,29.2626728110599,0.0,58.9861751152074,,,,,0.0,,
284,BRO.N,480483000.0,,2019-12-31,2023-03-29T00:00:00Z,31.3021100522023,100.0,,,,,,,,,,,,8929.75,,16.804979253112,0.0,0.0,0.0,,,,14.2857142857143,0.0,31.363491557821,94.8869066581714,,14.0,,35.7142857142857,29.253112033195,0.0,54.3568464730291,,,,,57.2614107883817,,
285,BRO.N,587104000.0,,2020-12-31,2024-03-29T00:00:00Z,30.7089835487161,100.0,,,,,,,,,,,,7170.1,,17.6638655462185,7.14285714285714,0.0,0.0,,,75.0,15.3846153846154,6.21657754010695,28.0380894800484,63.2557436517533,,13.0,,34.1666666666667,32.7450980392157,29.7385620915033,51.1764705882353,,,,,56.4705882352941,,
286,BRO.N,671800000.0,,2021-12-31,2024-03-29T00:00:00Z,31.2574302238801,100.0,,,,,,,,,,,,6468.45,,16.9186573078229,7.02479338842975,0.0,0.0,,,100.0,16.6666666666667,6.87928307854507,34.9754406240971,58.7113550996822,,12.0,,32.9044117647059,28.2534246575343,27.7777777777778,51.027397260274,,,,,55.3082191780822,,
287,BRO.N,870500000.0,,,,,,,,,,,,,,,,,,,,,,,,,,,,,,,,,,,,,,,,,,,
